"name","phone","email","address","postalZip","region","country"
"tBhqire","842-444-1324","cmHTLuptGQo@gmail.com","664 SkrPgRwnjQkw St","10789","Vermont","LWQbLEbqX"
"Gmgrt","892-418-1064","TqczMvHGvTK@gmail.com","509 MzKgOuweBvCGLI Dr","86411","Indiana","ssKUgcwm"
"TAYsvX","228-385-2290","VfLWfgIq@example.com","223 rayUmzqD Ave","95418","California","YGfGy"
"uspcH","515-590-9560","ilUNykaTnR@outlook.com","117 bMjRFvRWSsge Dr","46590","Alabama","txqCdi"
"swoHYtRJ","466-756-8871","HdWEGrVusg@example.com","703 rXArAAhWKxPrSf Ave","99292","Kentucky","zJqwU"
"rcQUsfm","248-747-2369","ipByqMxx@example.com","358 wlEdxVGwOOqdVL St","76955","Montana","fXQxB"
"jHKEu","430-339-8477","rPngvPqD@gmail.com","330 XDdLYGAxji St","34664","Florida","gHoHc"
"FuqKy","584-434-1066","GATCgvDgGhp@yahoo.com","243 WQgDqSvHdmvGB St","58569","West Virginia","zXlRPz"
"bqVJLOkf","973-259-5990","rOXWKyGlCIA@gmail.com","655 UTGWyWlqlLEKj St","84023","Missouri","HhfyP"
"iXySDD","970-686-1465","ygEgvghpBKP@outlook.com","468 nMfsczpNVzsc Ave","71198","Michigan","xcyAJ"
"MMyvr","867-229-5816","SMuKbKhiuRL@yahoo.com","621 JAKPlzpMgOLrPn St","37113","Missouri","Dthfrloie"
"xJIsbWX","569-830-4645","rELgQNUVAyB@gmail.com","750 uhDFtjmphkbr Ave","61324","New Jersey","iewaQlb"
"TsqPgkmhg","936-584-4047","QbCESdTlg@outlook.com","511 vEOOVEhQyGrD Ave","80226","Wyoming","ODIKbQa"
"USVnR","207-712-9067","selsbbMRtGH@gmail.com","847 PwJuxUmEXg Blvd","44146","Alaska","gskCXXMoj"
"wVWqsF","535-712-7879","TCJmyQaYjd@yahoo.com","124 cAEWzwakUrfQvF Ave","55849","New Jersey","WogUHQgf"
"vNNkpOi","952-509-5316","BJSzJmnV@yahoo.com","589 xBrJVEfrUzeEeV Dr","36968","Virginia","OdAXzQUcW"
"igqxFdWCR","565-242-8761","VwMQYuCP@example.com","503 dsWNOAlNI Rd","97150","Mississippi","yDTQayKMU"
"hDTNDJLy","555-677-328","xqmAkkLPN@example.com","958 TYUQqxzff Rd","43267","Louisiana","CDyNEGEW"
"BKIyJjBfu","707-611-7425","xbEEXXAbiqj@gmail.com","841 rbhGkegM Blvd","16162","South Dakota","DLPvBT"
"EIwTcish","384-455-9622","VXeELLWkHn@gmail.com","907 RuOqsXyXzbyNIK St","13319","Virginia","ssHlcpmp"
"oUNDJdjky","744-387-5257","yVRmXDhXPhY@yahoo.com","745 wlUEWHTn Blvd","73781","Washington","PbJogU"
"QHdzoFESS","602-325-3596","NQrUMhAe@gmail.com","947 VxELAfOHTAgHK Dr","32754","Nevada","rPDqcs"
"Hbfiu","590-472-1836","QuJHcfhe@yahoo.com","630 wkNzpEoiwBxCls Blvd","83719","Rhode Island","smHqEdNr"
"swCHtLMlU","381-642-1609","RLySQOcXEj@example.com","657 fNuDIQnSRNSwj Rd","73271","Georgia","ClRTtNUiB"
"gkGhUW","298-426-7772","PvQiKmGXbCO@outlook.com","137 fwVFnCsQQ Rd","24636","Idaho","fBfIx"
"WSPWVQ","864-943-7969","dCRODoQqFBv@gmail.com","435 FomvOqFpYrXLm Rd","71205","Virginia","UFhSFmq"
"lJWrbxu","844-775-7020","MNeQmMhOs@gmail.com","584 nlyFMKiNVnn Rd","17332","Kansas","YUaflQ"
"nErCHE","444-618-3554","qtcKngMpYz@gmail.com","693 cJySajrOPB Rd","17880","North Carolina","EJGLRoc"
"eUugDSs","252-546-4248","rojjRTpSLuF@example.com","730 BSGKKKFpFXd St","73827","Kentucky","MbbFgy"
"LJsXnLdgt","233-858-6149","OxHrhyPNk@yahoo.com","221 vlvYjVTKnvMi Blvd","72049","Wisconsin","aWCJPpL"
"CWdGTN","633-800-8056","GzEqqwoN@gmail.com","443 XlRCSJteWUcH Ave","24931","Alabama","RovbKybG"
"UndWRn","855-987-216","qJmVQMMY@outlook.com","612 sWqFTcWDc Rd","18394","New York","PRJMeb"
"tcWDm","470-232-5539","APVvqAQQvRm@example.com","182 JdkBdBEiw Blvd","34932","Maryland","tHxPbF"
"qbBsW","505-265-2552","GeFjPfNMyXa@outlook.com","854 iBpiehwTri St","52126","Utah","htMPsFLO"
"yTkGLu","823-915-4281","kaiSnUXU@example.com","619 faehGwekbayBW Blvd","39934","Illinois","ptneNrcT"
"TFdTr","433-814-7410","WBrogWwyPJD@gmail.com","580 kPoXHUqfkvwqaa Ave","37307","Ohio","jnuyfQuGO"
"rBDtXrM","461-590-9860","vemmnKRcq@gmail.com","192 HgOoYdPeICa Dr","43156","Rhode Island","XdsfGm"
"bMUUzwOS","681-694-638","vzIXtGPcShg@gmail.com","313 cpvzuSsCtqNcfV Blvd","34990","Minnesota","juCsk"
"PONph","610-348-6679","VisAeXLoB@yahoo.com","760 KGEjIVMq Rd","66226","Kansas","zMTyRaBul"
"LKwPqi","578-493-2459","lOtdWCKXh@yahoo.com","879 xkThnWjuc Blvd","99474","Minnesota","GJbxeLk"
"RyciGAm","535-312-9847","fCUaseayD@outlook.com","765 pBUGicudc Dr","45761","Tennessee","xLdewtvXt"
"TwiiVr","281-845-7786","KErnkjyh@gmail.com","588 OfhkkurnDF Ave","73621","Hawaii","ASFvO"
"JRASLJ","457-907-824","yglCVxnfVU@gmail.com","462 XsweJiSxgAWeh Blvd","76805","Maryland","stvDNdM"
"dlihtnjUh","928-336-8502","FDCWyDWQd@gmail.com","201 bquMAXPgNOGDo Dr","75337","Connecticut","vUFKsjFi"
"CiWpkuqOk","994-420-8877","ScanuibhMK@yahoo.com","257 khkYsRIlYvOzr St","76414","Utah","wwRvBMkJ"
"AHCTq","529-473-7605","VykceAWa@gmail.com","919 xvGcKjkCzVeUmj Dr","14704","Pennsylvania","uqzqPgb"
"JheBECh","596-777-4473","RiBTIYaQSb@outlook.com","605 LwgzzXqCtqtp Blvd","20767","Georgia","UruFKQU"
"DGGrcWbQ","702-368-9485","gPATKVDnVY@example.com","572 dRhGAdLUK Ave","27904","Kentucky","zNiUlHD"
"LlJosyy","613-608-4459","hTShFCHkjqA@outlook.com","371 gORJpEIIgH Blvd","10625","Montana","HAtvV"
"jSGUug","527-504-8933","mPAWMGWjav@gmail.com","491 bRrckStfFtl St","29650","North Carolina","zAGved"
"POlLtJpJ","980-312-5588","bqGbgsNqST@outlook.com","216 erXELjEnc St","40543","Wisconsin","uCJBxFme"
"mHKAyMvm","432-313-9585","SnvUdIyH@example.com","848 SxaqXfRmwYT Ave","57028","Missouri","KkvqvF"
"YLEDWyRb","838-359-3853","WqgCuiRu@outlook.com","323 BEqHgukHxiC Ave","96207","Iowa","meoDxJJLo"
"XEiRzOx","898-499-4156","taJKMllr@example.com","605 rsTNbMiwf Blvd","31524","California","EdfsC"
"jBBEsQLPO","358-956-4295","CpyGYQBRyB@outlook.com","566 JaMJJUhMLHw Rd","72832","Massachusetts","zyMDQqXn"
"kTmYF","346-380-6333","EckzFGDq@gmail.com","652 AbOaxnPYaR Dr","90446","Hawaii","EFTDKrA"
"gBtwiP","811-468-451","CvrDQJsy@yahoo.com","896 UvguuFLTn Blvd","81120","Oklahoma","HsTljNanp"
"uDKooSLwP","514-394-3872","lNJakBjEL@yahoo.com","931 FzkKdljEOSJ St","26487","South Dakota","yIDnzv"
"sramWGQT","526-759-3582","IFbzVKlMHTy@gmail.com","302 LScevOhhHG Dr","83052","Mississippi","RXwWLx"
"lvonkwI","962-450-7142","BefhiJpNbnx@outlook.com","454 kKcTXFinFoAovP Dr","35280","Arkansas","yWTskdg"
"CxUPvSnu","785-387-9922","zUAsHlSw@example.com","263 JjGJAdGmLnro Rd","55156","Idaho","MIcvFVu"
"peEHA","244-213-1917","RLJgPOKUeA@outlook.com","156 RAfNYmhfLdQDs Dr","44459","Delaware","mlcRdmB"
"rFnbbfadY","358-235-6785","iacmgdrC@outlook.com","348 XfOfgIlQe Ave","42531","North Dakota","CzltpH"
"BTlwfyY","593-265-8681","msIHzfXJ@gmail.com","846 YefhPIMP Ave","41516","Minnesota","WPMkCEH"
"npsHKJWq","546-885-4740","zcDbKmqD@yahoo.com","892 BQHvgUthQ Rd","81495","Rhode Island","yWXrH"
"ItlfVw","412-989-2218","BIJmMtSKP@example.com","362 OwfxwxvGgmew Blvd","68002","Vermont","KmsUDhxz"
"gbsGuqa","248-842-8009","zIlMwgJf@outlook.com","758 zbuuXuxAGJb St","75785","Arizona","haguPDf"
"nYuTxwzhp","958-959-4769","nMCexdyfDzX@gmail.com","698 IlWeAAhMUi Ave","42129","New York","gpzTizDLh"
"gEMgzG","931-563-5880","QGbRzmnD@gmail.com","102 LthcPAXNDazX Blvd","94746","Arkansas","tJgnMg"
"OaMbMD","918-264-2856","tSzcAtqjDi@yahoo.com","876 TkJkzvggvPKpVT Blvd","69438","Minnesota","MtxTWcYy"
"CfadQ","631-742-6667","NjpumMIkq@yahoo.com","494 FhCQGGNNK Ave","67346","Illinois","asszGj"
"dOkEaIF","927-375-9255","ITbwvgQGoU@yahoo.com","711 xLPLRehdItFNSp St","23484","Vermont","VmHeqUu"
"csLYR","249-375-8575","ebDoXoyfVT@gmail.com","661 xDIPdpMEeYwgo Rd","61604","Maryland","GNpHD"
"PksQVQQu","606-206-4017","ICXhpuFiYNc@example.com","894 amUtjwksz Rd","44972","Florida","aMnyMyHM"
"aBHUjcLK","623-744-1820","sFPpnABm@gmail.com","997 IjxUMWgxk Dr","73975","Arizona","EPJjbI"
"VEhIzmKy","791-824-9944","IQWdNBdaS@yahoo.com","517 VawQIJttbMA Dr","33762","Iowa","eILKXVb"
"OGmWP","812-406-7590","GSsHnaHf@outlook.com","240 zBLDMVRKCOus Dr","55827","Georgia","dOPEs"
"iXQRQTR","357-627-9511","VHURmdFqQYh@example.com","623 LtTkCiExr Ave","64038","South Dakota","JJSxUhez"
"VDzhrTKey","777-912-53","cFAMRwVyDyV@example.com","492 vUvbFqbXylyk Blvd","94086","California","zRgVxKP"
"lUqbsft","593-312-7337","gqosQhoRab@example.com","121 uqKEGoMO St","21107","Massachusetts","bFKVEFda"
"mMWcGgRN","327-777-6164","cUeuXgkzEBl@outlook.com","207 JGNYnELCcE Dr","39092","Iowa","jDMjIXv"
"SfiAJzBR","960-456-3077","WNGiuLScDnq@example.com","200 QVkPBOlAkCIQkI St","52870","Washington","GRXrDTvBq"
"TKRSNFD","719-458-2003","QmQDisNWJ@gmail.com","100 JaSltAAT Rd","75289","New Jersey","aSWKrRJm"
"WYMqHoQHJ","552-951-8470","PKEiPOYXuxY@gmail.com","521 SXYCxiHAThHkbC Ave","90462","Texas","janxgraAX"
"NgHIfyHiD","726-610-8051","remwVnHnVs@outlook.com","937 WfaSmPSqWhMR St","99946","Washington","hwCjEhkS"
"zDJTg","462-329-5645","umVfcOrdOP@yahoo.com","512 TMeOSQMwS Ave","54930","West Virginia","tztNiQmHx"
"CiEPJ","889-506-1308","aesMGYNdQ@gmail.com","201 LVivgiHImeqM Blvd","81323","Mississippi","kfNqhHLTz"
"SljgAymd","473-940-3542","XHRIiBnFDg@example.com","206 pIojopQSrzmB Ave","71652","Wyoming","bgiavhouV"
"MBjcowJP","322-396-6589","toKTXXQLX@outlook.com","746 hMeTgSOutsgNd St","63563","Arizona","PsAeoupVK"
"baARfXpIm","895-205-92","QzBoCejjdMJ@gmail.com","564 vqKUUXewFvTYDK Blvd","26771","Colorado","lGRpJHis"
"IowpJ","513-619-809","rQgqATnRQEY@outlook.com","470 nisrltAHowt Blvd","83298","Connecticut","mbsipuTRV"
"KtYFT","954-641-1596","yneNbPwLF@outlook.com","269 CqgXkvhHLUC Dr","81214","Montana","uJTUkc"
"QRhLxgh","921-299-1017","YmIDWclX@yahoo.com","814 DbrbmRvFuQ Rd","96241","Arizona","kiLPn"
"EJBWhbozA","892-753-8685","OxphAkiC@yahoo.com","274 GVmrbKGgJOM Blvd","82138","Minnesota","zXWCuB"
"IinxRz","878-452-9771","lEVqzEnorP@outlook.com","811 PRatrQEAeJOw Ave","37941","Ohio","OfuNoq"
"jhwaIn","705-816-5036","kKIrdqNsB@outlook.com","595 uIsUYIgQis Dr","45365","Louisiana","sDbSHIUJ"
"UxzoFfXF","375-863-8690","JrWjIyFBEf@yahoo.com","599 NKVwmxecLdW Rd","91490","Arizona","fChsRJ"
"SmpiKcGa","745-280-7342","opjOOriVh@example.com","718 MksWLhzDSXaTw St","91158","New Mexico","FAGOB"
"opJFAMj","862-217-5445","UrbsnLpgQA@yahoo.com","504 XlxpaVXqczoMmR Dr","87372","Maine","nbwWE"
"mqpluJz","792-332-7829","IHChTVqAX@example.com","827 JItIUUDepg Ave","40232","Alaska","WycadYFU"
"CgkAEfa","216-363-7533","TNTnihbFRi@example.com","567 QmguKPGQLb St","61475","Maryland","nlczRpz"
"fEchzbwB","335-261-5851","nJppspLa@outlook.com","112 pTOPYwiBRt Dr","97094","Nevada","gLfVkWXjj"
"tdwjaKk","378-273-1881","MeqDVKbd@yahoo.com","591 FXstEHSjtKt Ave","20486","Wisconsin","crqfdnGS"
"qTdcfgmYE","281-325-4685","jkylxHbXrX@example.com","853 AiBGGspNThqq Dr","77997","South Dakota","KEadWQ"
"dWbiko","567-474-9716","vxkhqPFUN@yahoo.com","722 SQLEAOxRE St","49829","Kentucky","MLszXr"
"eXcRiH","861-695-9505","cqcofMlqRwH@yahoo.com","352 rbFbESOQXnsN Blvd","72491","Washington","PwLdou"
"FpHmR","478-779-4617","xxQEUxPXdy@example.com","338 QNbHaEykxadTi Rd","38845","Alabama","wWaFA"
"hwQxKaq","529-541-8466","scBbKgySuDj@outlook.com","182 YELhHFsEH St","89273","Oklahoma","sDfSD"
"WHmWSre","223-808-2028","SOkyrKeDVQ@gmail.com","616 QcPgFkLl Ave","52148","Maryland","QYiIysi"
"QMspUge","249-257-5458","EfXUaImT@example.com","655 Xscvxlkff Rd","33274","Wyoming","bYIvaSFu"
"RfPtwYd","918-546-3952","UlMqXtoKSiP@yahoo.com","964 LrsfjNQjdGJJ Rd","25471","Michigan","VOPmkQ"
"nwqQAYg","772-850-1425","vbuxFfCBf@gmail.com","326 MhKPHumzWWeQyG Dr","23255","Colorado","ypKsTp"
"NQfdX","546-742-2403","ebsoePBgQP@outlook.com","525 nFfJBJsCOcmoU Ave","31121","Virginia","AYsQzoFS"
"tUqJHlR","487-804-3267","fUPoiQXOId@yahoo.com","386 mzedUnmtlaf St","15455","South Dakota","XTSNe"
"MCPLA","542-729-2035","VGCOJoTn@outlook.com","460 OmNpcbYtqsKEz Ave","13842","Nevada","VwHnHf"
"lSIYJm","844-737-6153","kvBXUUcB@outlook.com","284 xsSnICGzKQbdM Rd","22690","Montana","Vhbghqq"
"wNxfzoEp","354-235-4646","gFUaCxKiN@example.com","281 WrPLJQHBuAs Rd","51206","Nebraska","ykWKGntco"
"OTyNJNfkP","849-965-953","bKvioOredR@example.com","385 YwPtwpJUinkuKp St","63489","South Carolina","tXqaH"
"hUMJPYvCi","457-945-3099","WwOqCiVA@gmail.com","369 tXdNbvsCqvzm Dr","19489","Alabama","HTapFQP"
"majgDMa","481-808-2634","oTaUjGQQyM@example.com","552 qsYNhqJvgUVyQv Ave","17635","Wisconsin","xzxxbtqTQ"
"rfwDzQgPn","450-604-7170","LnUGHUtOlx@outlook.com","451 jdQlHvju Blvd","56160","Ohio","iqzAgI"
"WYtdC","574-647-5179","pRpBJbXlN@example.com","673 jxCimyYqgAnf Ave","88271","California","EKItlA"
"Dhnxr","692-995-6587","sEyIGotD@outlook.com","298 LTWNNjvUma St","10384","Mississippi","FMXKTCX"
"nATdWYr","346-308-8793","BdokGsYbf@gmail.com","317 JjFItVRLRxEPWq Blvd","89882","Michigan","SDLMO"
"eTPMVehh","533-959-2020","DLLaHFBpx@yahoo.com","590 UmnJOzLuodo Dr","75195","Oregon","JWagmaYfz"
"iyEpBH","777-928-6781","kPxpAPRX@example.com","766 JBbPyQvCsVBVD Ave","43377","Colorado","mDnLoII"
"GfXyuPqGC","983-309-9185","eQbWFeYp@example.com","648 oMTegnxMfFx St","23457","Ohio","UFvlwfaQ"
"fbYJQY","501-204-4376","IKPzdxbhLht@gmail.com","933 CDyLOkrbIKD Rd","70432","Minnesota","CBpRJjUj"
"MFOgHM","924-557-9811","yvLOHDfstNW@yahoo.com","433 DuwqTRxblWe Blvd","26879","Alaska","vgRNs"
"IVRupH","357-310-1867","PqGtWoiqgd@example.com","150 pcNehnBGXnR Blvd","53236","Nebraska","LGEqFic"
"CxFaY","248-874-8125","InDAQVYAjwN@gmail.com","159 rAxGNUTg Dr","18617","Washington","ICPcT"
"HpzrGP","948-306-8380","pCqcptYKDu@yahoo.com","645 UviGEJSdB Ave","83581","Maine","NgtGNXhvL"
"pbGGEuC","891-291-4332","fkAblayIRP@example.com","500 gVPHXYoDnjcMmu Blvd","73793","Nevada","wnBmoMfD"
"iDgqQwGi","204-308-758","WorxpkUWM@yahoo.com","587 RokUUEKbbAzFg Blvd","51202","Montana","KEEJMf"
"OPDEkd","778-526-1685","yFEMiEUi@gmail.com","143 xXNCkcqbw Dr","44278","Washington","wOvglP"
"gItnbIql","700-348-6140","QViGIbXxKL@yahoo.com","353 wdTrRDmqSYqF St","56859","Wisconsin","rBXKb"
"vnPsOUF","208-833-1542","qSegqeuYJ@example.com","684 tQSQcgnvW St","48407","Maine","gNoNlSr"
"LNfLJorkK","515-235-2491","CzfyoyLkFO@gmail.com","117 uTJyPrvfMvGJh Dr","74001","Rhode Island","OMKnGI"
"CwPLGon","385-873-4496","reymwyUkr@gmail.com","981 izTmPkxXVGN Blvd","14291","Maryland","LtiKhRe"
"HmVMqMzJK","333-462-5008","wpqyGvzQO@gmail.com","410 tTSpfdMX Ave","63915","Alaska","iQaEyqe"
"ehwpcf","538-405-3852","ijNKaMHEgq@example.com","408 DByQzlUQa St","11731","Indiana","zDmoaRR"
"vdERdjc","888-460-8558","YuRoOPSqO@outlook.com","350 AiHwPUPW Dr","92394","Idaho","FSjHYpUz"
"pxNOBcG","931-912-1630","uVRCtGwV@yahoo.com","725 gUEBHCeDhy St","54001","Maryland","fcCeD"
"VXbhhLP","461-757-2320","lLGcSfvkzKV@outlook.com","729 qhLcJBBCaBNA Rd","72976","New Mexico","kEsSExj"
"gmDgs","510-549-4443","CsTctfXU@gmail.com","395 TvrBNGoXq Blvd","39624","Hawaii","bEVWtmEY"
"qhvXO","494-840-8821","iOGnUslBo@outlook.com","122 mRSAdYOrjmB St","47044","Oregon","sAHgqQ"
"epgksxApN","723-270-684","fiaGwtTBXC@yahoo.com","270 uoHGBvIMUDk St","95822","Delaware","JTvsdGk"
"KFdamOMQI","755-309-9209","MwbqagLX@outlook.com","565 gUBcUJfz Rd","50967","Iowa","yDFtzn"
"YHraKi","732-254-9679","QVsKcTGVMw@gmail.com","729 yBBdowkBmrMIYq Dr","82406","Tennessee","tTwXzP"
"AwwQoSGk","637-774-8529","QsMjQdjVx@outlook.com","133 wgSuaoytPVvCc Ave","63126","Montana","cPTlIOgs"
"YxxBz","209-432-7746","dTuUrzeXl@gmail.com","533 KNyLukGjbtM Rd","27405","Massachusetts","pQnGTAvB"
"wbMwMGrym","555-965-9625","pKfdsPQBct@outlook.com","425 TOmaadflSqJh Rd","41254","Alabama","PUqItMuT"
"jxGfR","405-278-8443","cFQJvCPrzm@yahoo.com","305 fQmTGCRJD Blvd","80008","Mississippi","bVapRKRK"
"ufPmx","312-301-1712","oJJFccJw@gmail.com","271 hypALeBLQeQAb Rd","49367","Arizona","fKoDsC"
"caUpspW","899-245-5636","ATtrinMKnvV@example.com","568 GeqQdFhowAplHt Ave","73775","Arkansas","uJmpPQULx"
"xnKRhvnbz","440-702-9695","unhqkxeeBG@example.com","640 VCXzKkDjCieilm Rd","70272","Oregon","yszbygglg"
"qtFlhmv","298-497-5789","AxIsFyVLuMS@gmail.com","430 eOONffKIKHAps Ave","38789","Kansas","juGFpBk"
"EFcdHQPd","949-217-5377","nlmBkuyet@gmail.com","151 IjXDcSyIWnh Rd","79141","Mississippi","CENJtnsv"
"qkAtXLyUW","724-584-6879","rQvmXnTLQA@yahoo.com","108 QXcnHIut Rd","94345","Maine","kWQTLbs"
"uLeer","450-487-721","yhQxocPbTHk@yahoo.com","639 CnfUvgVwquaT St","94171","Delaware","WLjTB"
"whoYopB","475-801-9095","mwHcQSPV@outlook.com","241 xpeISqofmt Rd","89417","California","vIjlGWuRJ"
"GyCiXj","630-479-6703","HkXSrusqUMp@yahoo.com","569 USKdOSpn Rd","93669","California","lGkeepgsT"
"Ojjczyi","645-917-739","HLEkShCfaz@yahoo.com","242 NqTKWHjOMQaQQI Rd","17586","Oklahoma","MjLqvt"
"eCODbRh","317-217-6659","zPpuTcTED@example.com","912 sLpWBKVEvQDrNX Rd","74458","Delaware","vfFNCW"
"khOxF","804-510-4278","xBCvBcuN@yahoo.com","432 rAGRmVvWJnkaJ St","42406","Arizona","zeDdn"
"nTFPDsjyV","669-211-616","bmyRSzrkwC@gmail.com","818 WuMbUlvJVoujpn St","63616","Nebraska","rNXHsBmm"
"xjESX","996-427-8228","raeoCFajQB@yahoo.com","173 USnMPmcF Ave","86793","West Virginia","qKrzXcsNq"
"FIeQYpoY","976-313-3028","iDxGdwBmO@gmail.com","507 PJQFhQctxza Blvd","23291","New Mexico","AaIonDSQS"
"yvpXf","489-577-6821","iBdGgCDY@outlook.com","528 riEihwvDbIVf Blvd","83303","Maryland","CCzdRYr"
"GQRqezgL","768-687-8315","seFkmjcGWW@gmail.com","642 PJNTAyyO Rd","54126","Michigan","puIybxtDH"
"fTMaAyjXI","484-830-6303","IJLzcXBlTOy@yahoo.com","922 kVIdKYhoWUFqpl Dr","79403","Rhode Island","NMsKjIWeT"
"RTDMkg","607-710-3232","lzKsuSuN@yahoo.com","244 YWPkUVEvHb Ave","53393","Michigan","tiPtfUsj"
"ncCrWoqI","620-466-8015","JvEGrnzivtJ@yahoo.com","342 zYvIDavvajGe Blvd","31029","Alaska","tYWOtxto"
"ldJbr","462-408-8381","FqgtzLbEa@outlook.com","975 JyQYokqQo Blvd","44657","Vermont","SvxEBB"
"KavzqGs","837-665-8186","pBNQUJJk@yahoo.com","761 DLgMGHhJ Rd","80894","Arkansas","MVrgPGU"
"LBtnlFpSm","873-538-3147","uITTlESg@gmail.com","931 FPXKMKKRGBfQ St","23526","Oregon","hEYzdiNS"
"dYgWXDX","491-983-4606","erwAKxxt@gmail.com","302 kRmsKqosdgzW Dr","88622","Virginia","qfSRXH"
"xNWBprl","754-289-9760","ouWifKxuTG@gmail.com","380 xPxCGTyKYdysKo Rd","80227","Idaho","VGvuMS"
"mTPPphPu","993-835-8350","hLbqbfSDi@example.com","687 qPAioHJi Blvd","79208","Vermont","PcuCS"
"PLnGEymG","627-351-7171","ONHSHgVFk@outlook.com","806 zWlQAfhPY Rd","53834","Indiana","nmxlx"
"kFeej","364-618-391","JaPovXAtivg@example.com","791 nQetbrTlJfebF Ave","61505","Louisiana","cuKAOHl"
"SSwsDom","673-740-5189","irHiqytcQ@gmail.com","609 SaCKTNBT Ave","87953","Connecticut","RHVvLt"
"DLALezSg","880-771-8900","QtSnsOVnpKA@example.com","257 PQtLHwXSjOGsPK Blvd","62502","Nebraska","oBOAhoXRg"
"RHTnvgJ","472-634-1356","JbSHOqIOcY@outlook.com","927 sLxnrFNCiUW Dr","78279","North Dakota","omoKjxIHJ"
"fKgOrHS","752-462-3925","urtYPNjuBX@example.com","455 nivttluqAjbg Ave","53016","Texas","czNLVQNH"
"PYQAJHhAV","273-691-3826","VcctdDNoJF@yahoo.com","163 DXuIfbqqbQ Rd","10709","Iowa","bNjOxWXg"
"nUuSQ","462-415-5900","LmefEsfa@outlook.com","345 VFmhpbDwHnA St","25968","Indiana","WgjzXDgU"
"WLUHALSP","299-334-1579","xMTxjueWcn@gmail.com","763 IdtYuzUfbeBMj Dr","48502","Michigan","MvFYkS"
"vGRKWAUK","585-431-5330","HhXXtVgxzju@example.com","278 lVwULIAUMre Blvd","30782","Iowa","mxTbnU"
"ivNwWlzr","652-880-7040","QdELABwN@example.com","417 uNfkOgVzXLxL Dr","15345","Florida","JVltwgEg"
"TOVFJn","958-476-9792","XuRedJEbPu@outlook.com","269 PGqKFcIvpV Ave","15992","New Jersey","jXNOkghi"
"qSYiOzpm","508-723-2957","kqEVVIpDX@outlook.com","680 ufkVHmylIoy St","52543","Connecticut","iHxUd"
"Kxsdzvn","789-592-6957","pvIdvKcSS@example.com","688 pHfaBzJqqRuH Dr","68674","Hawaii","wLoeMfhqm"
"zQSWAgFq","849-990-9923","sGnvSmArBWp@yahoo.com","629 XCWXoLYBWYikb St","60808","Massachusetts","FRGkRUrB"
"QwEGpngx","499-379-8395","xMWoPbLb@yahoo.com","899 hRfGGouu Ave","40737","Massachusetts","CCoHfQrL"
"BgwsJx","834-791-399","aQaNqdNbG@gmail.com","897 upPvPKYNP St","82252","Georgia","cFHuSDk"
"uFJSchGy","467-953-9808","dYfhYFlPTr@yahoo.com","597 eBOdDRfSSW Rd","55336","New Jersey","WCxVjIDpA"
"YtKfimA","987-656-5835","kobImFKF@outlook.com","885 guiJrhWKeq Blvd","11902","Washington","VjIktrs"
"uvVpsTR","800-723-785","dDxWXTnPbHH@example.com","659 DwbQMxxk Ave","71780","South Dakota","WzCyuVfO"
"WqXmv","346-301-6444","lsvkriftYDr@outlook.com","670 DynmobjMGu St","30728","Louisiana","mFLWeU"
"NwAOmNU","904-768-2666","YcLOeFMrQ@gmail.com","273 scFsEmIwmL St","74359","Maryland","usnrByFV"
"JIycXWR","261-631-9638","yrNRoDFJStj@gmail.com","646 USzLUcCCCDh Blvd","40672","Minnesota","GeQhBI"
"JKqiD","993-517-3797","ApTwmogAE@gmail.com","943 YWVBLubjWN Rd","78304","Mississippi","rSEVvEjI"
"nlUgWgO","623-380-6425","QMMlmmrOf@example.com","886 uvDbKhOQjs Blvd","43309","Arkansas","BABBaflf"
"FpxWEN","201-590-2304","EkerQvDc@example.com","833 pHCBLMtKB Ave","43882","New Jersey","bOcEEMA"
"MSHfjHu","633-491-8728","lvyqYIbVmVX@example.com","753 hhoXhHer Dr","79008","New Jersey","HIJchl"
"doRTgB","588-302-2585","siXvCgKfu@gmail.com","282 DMUWBRgNFtiwWz Dr","87900","Colorado","eQXzMVj"
"FGUoz","757-651-2446","XkNzbgmiAJ@outlook.com","569 hqfvQxHrqcxmyw Blvd","86809","Montana","rVori"
"oRsVMBvF","330-894-2175","ntkuPYaMNL@gmail.com","750 qocdWGhN St","24582","Mississippi","CjIEsVH"
"kzIyh","827-840-3615","eoycQwfb@example.com","357 wsioXhVRpYnur Ave","72421","Kansas","PlEWYfpJ"
"hIntSjp","908-435-9555","jiLYBNbIWfY@outlook.com","428 zcOsTslPqJAf St","74905","North Dakota","KIgbsI"
"xVRcgzJL","646-436-624","QBpNDCSOwv@gmail.com","423 lfJQbiUW Ave","14950","Colorado","UMmvv"
"fIykcXBMn","985-792-2264","cXvRdRXMWPU@outlook.com","395 TyIhDdAS Rd","38714","South Dakota","wLugUIRlN"
"QWHVnyw","440-778-3596","CVjukQKw@outlook.com","889 qpGIUFAx Dr","63395","New York","HGBeE"
"BmpgleYiJ","576-656-7787","FxhJPgjmHo@example.com","319 rFixJLezVs Blvd","82029","Illinois","VLlcPgYV"
"VrbyxtPc","494-270-4139","tdSsdOYe@outlook.com","601 AWnJnAuPSWtzWb Ave","74827","Wyoming","TndCohH"
"AmuFshkFO","916-817-3355","ODvCtWgd@outlook.com","294 YJCFgltS Ave","37464","Kentucky","dInXJ"
"poXBtBwG","259-217-298","QvnoaPONGw@outlook.com","654 URRAlYOiPROOw St","58604","Oregon","JGHELbnL"
"mVVxb","836-498-2279","QTzIARbRm@gmail.com","410 KYfYDSPn Ave","76859","Tennessee","yiOOJDxpE"
"AfxQhoI","235-695-1256","YpQNhjBo@yahoo.com","573 qigQNvYuxpH Rd","12626","Mississippi","UGKCQVGj"
"jCUMIYhX","931-672-111","LgYKNXMkp@outlook.com","986 nOPLzLsIP St","14761","Vermont","IntQjmQUb"
"xzHMdp","783-678-3026","WVNzyYMGB@yahoo.com","544 dwYLHuew Dr","78274","Mississippi","qqKgknfN"
"wDpAjH","673-429-8400","jOnbbfAD@gmail.com","602 ynIocxSANL Blvd","75445","Massachusetts","KNCJPCNmN"
"ouDyh","693-428-6493","iSpXejqiv@gmail.com","724 pbuGeXdbeuEd Dr","39231","Alabama","FOesRjDOw"
"eoCsvwQ","271-891-6160","IyOamqvAeo@yahoo.com","654 xweeqNKWH Rd","61195","Missouri","VGaqInXXu"
"wdJIOeR","725-727-6723","wDBYKfxDfo@gmail.com","485 OshEiRGT Dr","83767","Virginia","VDaMiwWJV"
"uQoqCLly","570-770-1937","qcLpAdAV@example.com","907 QEGQcEBPBBU Dr","77557","Illinois","rMSNxA"
"SbLKIRL","850-469-1435","mBhohPohB@gmail.com","477 IUgaAlAWsNmqx Blvd","99883","Wyoming","tsQGA"
"DIiud","826-279-2825","gJMoxyIDH@outlook.com","523 KwUmRJnee St","10396","Pennsylvania","BvgmjtUMX"
"QCDNkRjE","692-934-4521","fxReArLz@outlook.com","529 TfPrRVdw Rd","47296","West Virginia","fByQolPc"
"tkmny","299-683-2181","vgpFIaAl@outlook.com","607 IDpNbLQnalhgRi Dr","18996","New Jersey","agmfyvCd"
"cJXVHx","851-623-1242","eoJLdpGqo@yahoo.com","488 AKmSdKeeasb St","68399","Florida","fsyOGew"
"hRzutoAzW","389-238-9900","UAmocsYqM@outlook.com","144 oUJStgKPzcT St","25532","Massachusetts","FCSfKCySb"
"DSeXQpRan","233-827-3671","boRhgDFhbYt@yahoo.com","959 RFPKaXCygi Ave","84277","Mississippi","ySFHQf"
"uuYpw","331-763-5816","LWvTNAXT@outlook.com","655 BrUUWISFciraL St","84634","New Hampshire","AtwlDflaF"
"aNjeTa","901-223-7160","ajkxUVqJJ@gmail.com","511 LDFWzYLvqJabuQ Blvd","61699","Arkansas","pCuzdUCN"
"dlbHCf","539-230-4778","eWKEhvbp@example.com","486 ueulCywNgN Dr","46621","Montana","DCFOAac"
"LSEzdwm","353-873-3013","xzMqXMhY@outlook.com","899 OoTXkFLytPt St","23640","New Hampshire","XOIwDj"
"nsJVUuXY","645-677-4162","YWsObILN@gmail.com","954 eczuTPxmUibf Ave","97582","Indiana","bqwSR"
"XQFTLuP","285-938-8799","RIboBHwhF@outlook.com","390 PSSWlyDWSBH Dr","76812","Hawaii","TATCFzT"
"FjKJeNmz","773-471-6370","osbFlzpKHmL@gmail.com","285 hUBgvlPTlLg Blvd","49490","Maine","RIACxDYSJ"
"VUtLreH","468-236-908","vdVlpnJdnN@gmail.com","289 xngibCyYkzKDYP Ave","58171","Delaware","IfiAVMja"
"WpRWWgzzM","920-302-5045","jahcgvDk@yahoo.com","349 feGThPlLKNgKKg Rd","71654","Mississippi","xjmQWD"
"QpGkwxM","730-690-2652","GIJKFexGASb@gmail.com","546 zwgzCDrr Blvd","39247","Virginia","TKjqaq"
"scWSt","738-219-3985","BOJVlKmH@outlook.com","414 uWPdPLlzpudt Dr","37426","Nevada","UzDOvL"
"tJCaqXvr","891-742-2747","DncuILApG@yahoo.com","828 oOoAclJMuFC Ave","74246","Montana","Dcexpczj"
"mutGmt","997-975-4386","wyBhgaJwUJD@outlook.com","603 bnKQvAhnlBg Dr","68012","Iowa","IzPyocAl"
"lIslivx","359-448-6407","fmYhqPPgCMo@example.com","967 tgAjqLmSVTFrjT Rd","28352","Ohio","QRBNU"
"lScocvNp","856-942-5467","xQuqoHNE@yahoo.com","203 AsMNQiqPBVpkrR Dr","46364","Wyoming","iGpsvmv"
"DqaVrif","635-507-3043","GXVHDGbmbkB@gmail.com","272 TMLLpOmyT St","45943","Tennessee","Mzbwhevix"
"npMbujrrm","971-739-4143","JRljnILsDz@example.com","577 pOmJvsvj Blvd","43813","Louisiana","pvxBUB"
"jpcGtzYT","611-261-7085","cQtLhPTD@example.com","494 TGtUVFByLf St","83425","Delaware","RznzmQr"
"uWeFsQiy","620-283-9638","SkQMCLJAd@example.com","505 CNFXmKWdD St","34274","Minnesota","spOwQqoy"
"wkVooX","561-842-4140","joWRyXVL@gmail.com","478 UJYHyAqSXHI Rd","99817","Mississippi","oizXpjad"
"QLTTF","408-216-4224","rPdWqveRoy@gmail.com","111 PIGCBYbNetC Dr","62736","Nebraska","bFAMTpRdJ"
"opGqYoyu","337-568-7566","PPnFqFEAcp@example.com","262 axXpLeiID Rd","10446","West Virginia","mFnTO"
"AuVKCI","234-669-8526","mvBXyfGb@gmail.com","687 xGKTgEbg Rd","88643","Vermont","RMSGkRzq"
"mFzEIpWMO","745-568-8441","OKGngaJKmDl@outlook.com","234 MnlAaygGNzY Rd","78785","Massachusetts","AGGXI"
"fxLrakwPU","600-362-2123","BUxTSXvhG@yahoo.com","281 fGCNjkJdgY Blvd","56821","Kansas","eCwGhyc"
"zBhtffMfp","205-225-6785","oHVCSkOknOR@example.com","362 QdQScJLi Dr","65607","West Virginia","goRQUuB"
"aExYOyaIW","892-206-3755","NQENRRozqbI@outlook.com","295 LuUDMegDJrT Blvd","76304","South Dakota","MoqBFi"
"MaSChzt","264-760-3929","AqrUigqTes@gmail.com","436 HbaqTgMhVj Blvd","61046","Tennessee","bNCfRahC"
"wPcIv","908-783-4205","nWwhinMM@yahoo.com","295 jhswLHHNxUvcJ Rd","60838","Kentucky","kqfFaTO"
"dbMFKoU","628-246-6527","DKBHnmlTX@outlook.com","381 RNFdUzdA Rd","49456","Pennsylvania","oWFhzCB"
"FKduozr","836-773-3139","HnDPYQRLUS@yahoo.com","473 lepILQnYDX Dr","66255","Ohio","ehKPz"
"wpHviH","897-953-3416","HzGRpXWj@example.com","293 RLzaspvEBtcknY Rd","81572","Delaware","HfsvBvr"
"ODhsa","324-665-3122","pflHIKJR@yahoo.com","494 NNUxMypLv Ave","50878","Missouri","ekhJWbCw"
"BKSsCSkRH","723-296-8227","UsUIhAEUw@gmail.com","644 lOkcjmsKVu Ave","55280","Delaware","tHCpctfG"
"PAuHtjnLJ","858-584-6064","JWCIdbXnVtN@yahoo.com","152 YMzjFqthQJf Blvd","70497","Missouri","zITlKKfCV"
"cqDxtdmuY","679-455-7508","GYnXtaEVV@outlook.com","741 aYotfhylPfWlnr Dr","19520","Oklahoma","dGfoja"
"JEiDXWral","701-803-4029","esvAlLnQ@outlook.com","669 hnHzATSSSTKVby Rd","13335","South Dakota","fnHwnoq"
"RAjje","221-629-3147","WFgJmGoni@example.com","389 VsbtWiObrGH Rd","56953","Minnesota","beHDU"
"foApW","633-787-7823","zKcwJBioLXJ@yahoo.com","827 qlobvJecsc Blvd","13787","Iowa","KWxCWujzA"
"OUOgqPVbz","904-627-9656","NrkeGWfQHDP@outlook.com","600 qDMtEJpsF Rd","42591","Vermont","oFWeRh"
"lLKqznoLt","314-631-5061","XnulHuWseSk@yahoo.com","172 VdCsTEUs St","47545","New Mexico","wHfzqVND"
"qliPsfzP","501-878-1277","ntYXRNTj@yahoo.com","825 hrjtrQqVw Ave","88123","Hawaii","yUxCbQ"
"szjdkoJ","961-683-8086","JuwBaLLAdBn@example.com","211 zpRfJzUmaS Ave","77247","Kansas","EoVhtCCQi"
"VxmIqhNOG","702-424-3359","RiNqpCIB@example.com","915 TEFjFBSfSNRC Dr","37065","North Dakota","yUsyzOIb"
"bbNjHbCSY","440-945-2031","CRsioqUX@outlook.com","145 DPKmPKajNRPw Ave","74150","West Virginia","iQFgltuSP"
"DnTzbr","714-705-962","cKQwLXwD@yahoo.com","231 hTGqPkHAkvvl Dr","89431","Maryland","vueEv"
"xnkDDOYAT","944-449-1467","IYMlIfVVPy@outlook.com","703 QVYweYPXEeVY Rd","17160","New York","PFLVWYK"
"nXqje","788-657-2006","ilUocDPa@gmail.com","236 tYisAhzaDp Blvd","66267","South Carolina","xGPYAvRka"
"dxwQOkex","751-872-6493","cBXyroUPW@outlook.com","262 uxTkcNHDtrrA St","32992","Massachusetts","XDzXwxybH"
"aDpTOCn","804-265-9748","GqrIJCGlkA@outlook.com","558 qzKXlNmNCkYJ Rd","74175","Alaska","kUsmku"
"JpncEBA","284-882-8327","qyKIplzD@yahoo.com","639 SMxHXTFsHKOL Blvd","74128","Colorado","fCMYHWdho"
"WClGBGD","834-564-4780","OnrUkLLSu@example.com","422 RDhPABCgkPGUr Blvd","10236","Mississippi","dPHuNTkwO"
"lsAYHGt","626-595-4737","gMNiAglByiR@gmail.com","505 zUYfNPvUq Rd","75715","Delaware","HQhBdfs"
"lRcsAAq","569-463-1289","iJqYypbsvD@yahoo.com","168 USYzFOWFn Rd","26272","Texas","XEdmz"
"luyeLewp","422-332-7751","sLllYtiMky@gmail.com","675 dLgOnwWI Ave","82944","Connecticut","gIoByPW"
"OPqOcrRWv","499-547-5831","qqptMzdGh@outlook.com","464 vClyXPpICzx Blvd","92879","Idaho","BaTWb"
"QvbfRHpU","747-473-4179","QmHiBUXD@example.com","662 quGhyeetrG Dr","40692","Rhode Island","ArpjKzMj"
"kfMVFkuED","747-715-330","jFOssSrJNz@gmail.com","364 UuEjBgQjT St","52154","Hawaii","PVLqU"
"pHNDJoBCJ","344-726-209","vXhmDRNXnc@example.com","299 wsKFMTYSRiI Dr","18066","Washington","sfaNxp"
"GHgkl","942-323-6665","kMChiRkhMU@gmail.com","691 QkmMtOWbhUYFWK St","84022","Hawaii","DPWVshd"
"giRoQIlY","689-498-1107","xJTqVeGcDS@outlook.com","788 QMkSpIJqhSEGM Ave","51898","Oregon","JemEUb"
"issTKvm","737-303-3422","SUlIsehqa@gmail.com","223 cpVgIOmxlT Ave","64793","Nevada","orhnub"
"ULTVJ","522-578-7243","xLRVoNbc@outlook.com","324 yJepYdKCwok Dr","81124","Kansas","IEHFSwKTH"
"yldysWJO","287-492-3521","XhedYaKSqLA@yahoo.com","996 LsCuAPdSjwLvp Dr","83001","Nevada","etnlzP"
"FgxLB","242-351-5050","kTmrsfGW@yahoo.com","811 tptVeidxr Blvd","90560","New Jersey","vVLNzNPm"
"LpondN","817-864-8040","MMfHNNnS@example.com","476 JJxYALVDK St","22083","West Virginia","MXRwC"
"BeXgBj","730-937-7876","SkklkNLub@outlook.com","588 TTfbMOOYGbEGl Ave","35339","Arizona","DhIkvCEX"
"RQOPdirQO","556-317-4090","BYbaLsyg@yahoo.com","326 ymwmznPqphxg St","89203","Louisiana","mQNtYJ"
"KHVLSDeLx","236-617-7359","xVANUppnXK@example.com","373 GkleIPihx Rd","52398","Alaska","urPzE"
"SkgYvO","976-208-8807","pseJzplmQTL@yahoo.com","215 LXwcpFtVqx Blvd","99156","Oregon","QaayIcWj"
"MUoFsMBmg","399-326-6882","iglMdwob@outlook.com","528 SvXVrwpaDwJVnx Ave","97905","Tennessee","geBiTX"
"CEfFzE","582-264-4959","jTikupgdev@example.com","692 ouhddBmSOFAv Dr","22017","Vermont","TeXjqf"
"bmIEjuXl","955-741-8956","jHAzoADaY@yahoo.com","925 OhmQEbacfrrvM St","39601","Arkansas","ROQaErl"
"VPAsDRB","429-223-5516","QPPOTphcUBv@example.com","366 OgLjlqvnxvpopc Blvd","71652","Missouri","PGIMVa"
"nxJAmB","883-338-1557","dDMkJSORaaj@yahoo.com","829 vXGFgMqKGYHuxb Dr","13260","New York","xucGCS"
"tgDnd","906-433-9215","FqWObYQejV@outlook.com","486 hlLoXSsiT St","89484","Arkansas","BMQeWGJ"
"VxELLVru","489-799-4580","POOpeeOYf@yahoo.com","564 QGmcACwzEGzQ St","34534","Illinois","OyNPbUXKj"
"lVTKVB","776-608-3168","ooWfFEIXBb@gmail.com","573 jiVqgvpuMjMW Ave","11176","Montana","CKyeDB"
"jpkSDj","319-717-3099","rLUsJxkq@gmail.com","452 boubWLxeAc Ave","96711","Pennsylvania","aOshoE"
"kMEvKrlJ","890-518-5122","UXdGeWao@yahoo.com","213 TYyoPLmCYXF Ave","41923","Montana","iLjvmB"
"SNbVpI","389-287-2474","ranCeJYFOd@yahoo.com","698 vpRNgVLuMj Dr","68057","Oklahoma","rfuVrmL"
"bUAajAU","267-477-3558","qISkTAxe@outlook.com","985 WXgfcCvGjXdxg Ave","19819","Missouri","LpLwN"
"veOcfNOs","900-545-2053","BlFoQXjDx@yahoo.com","383 jJKqKGaYGN St","95519","New Mexico","wjcvz"
"eDXKwLfX","877-743-6224","kdfCUVqqnl@yahoo.com","906 dwVUxaRNVO Rd","78884","California","xxGzNT"
"krjCJ","844-952-3424","snpDzxaUm@yahoo.com","777 wiPRnrifSktf Ave","12935","Alabama","cPzTbe"
"NVckJgq","226-777-6648","kbIUbuaLB@outlook.com","919 edTtIPCiuWB Dr","86688","South Dakota","YKTRDd"
"Wfdtx","425-952-596","IqHBsUNPt@gmail.com","900 rfqxRhrL Blvd","48065","Oklahoma","rOknfbC"
"jSLpohR","429-660-9385","YePHCHqS@yahoo.com","847 vHbXtBpWzF Ave","74338","Colorado","HHbmipzrC"
"DePJTn","554-277-354","MmrwlsIU@example.com","768 NnjOKGwx Ave","77841","Pennsylvania","HOhDhHHM"
"BQamkSs","938-393-1562","bqXDNLtGEW@outlook.com","198 zptJproFUrG Dr","10343","Vermont","FGKKMXf"
"SvtyjdO","953-958-884","hppYvWKK@yahoo.com","883 drFWRKLADY Rd","55570","Rhode Island","bKazNo"
"OonEdAv","726-297-7483","HssmlXJfnk@gmail.com","729 UUinyJNfdXzk Ave","46223","Maine","xPFOV"
"jGVwJeYAj","703-287-6125","BhRBXgwyUqM@outlook.com","690 LPmlpGaTNl Rd","95597","Arizona","pnyoBKUC"
"afDPTvFXd","571-308-6523","LPcxPnAp@gmail.com","236 eiwoQJOpYex Dr","83504","Illinois","XWGdtHPx"
"flIWl","761-316-2648","tAeVnAvI@example.com","796 ebBEjNhatm Blvd","40795","Mississippi","iWibIyT"
"IepMUYR","804-509-7434","tRKmsgEmo@gmail.com","435 wgSkbstUQVTutq St","61625","New Jersey","cRKjLSDX"
"yVbVB","285-612-7430","XhPhYPsLP@gmail.com","625 wUHCWKSuwCR Ave","32916","Florida","KGosHCnGG"
"qFjcN","607-799-1201","TlDKSVcdYn@gmail.com","527 WiLYmWPMOChn Rd","93628","Illinois","miOUEGo"
"LyJuXQ","798-349-2311","UBIWFoRlb@gmail.com","277 XatUYDPOfltRmj St","79805","Arizona","gtynCM"
"wBjEGmO","252-974-1359","UMEFzvyXS@example.com","162 aItPQAqw Ave","16637","Kansas","uouAWhOAa"
"JlUOn","602-908-4730","iRedJqHJA@example.com","914 pAUlebNrhv Dr","49061","Arizona","SygJjlzuF"
"OWwAlmx","926-731-5855","lqfmswxe@outlook.com","849 xqWhKqlRQPMVi Rd","76634","Mississippi","mcFncxX"
"lyhyjbOcu","225-923-7879","AKOdduDn@yahoo.com","736 VpjQEMfQIDOzxy Ave","60647","Mississippi","zAaIGch"
"eoFCCIBK","708-230-6934","ifJDyBwD@example.com","801 wmhuootK Dr","44675","Louisiana","TjrFf"
"oiitvbBn","834-663-3978","DOdYhXnMxqf@gmail.com","726 LkSTCjznMwfSQf Dr","95033","South Dakota","wLlKuC"
"QNfhBrwc","931-695-9700","NSiiVpdD@yahoo.com","413 laDhIuDQpCB Blvd","73036","Iowa","YSeFE"
"YbpbFsN","734-214-9555","ougvFpnmpcC@yahoo.com","876 OuGdrRphN Dr","90221","Illinois","OjiXmkPn"
"csLWbBdY","964-371-4793","HpNDgcDGHJp@outlook.com","682 YfxsaQuQBWIBy St","37402","Alabama","eDTLgX"
"MRMOFx","466-220-3614","DkXDKemIWnk@yahoo.com","409 zpNRGDugl Rd","87618","Alaska","wTHKSa"
"KRuaCxp","830-937-5906","CANjwusjklI@example.com","717 qRlWjpbGcrtuWn St","76718","Utah","pBXmNBCy"
"ESvdx","309-784-4575","MMdqzOuXpm@yahoo.com","425 qMzDkobaRklmS Blvd","11980","Iowa","PnblzTQhn"
"KiobQFIt","745-301-5064","wskWRGUEQ@outlook.com","160 nosCgplrIBrY St","48354","California","tRSFzdNLO"
"CdLKgs","869-845-8603","PSrIVggL@outlook.com","523 EaWhKzvl St","94114","Idaho","qydWy"
"XXJtL","235-403-9962","fMdYXqbkliI@yahoo.com","635 BfxNCxbAnme Ave","83445","Minnesota","MROMO"
"xyFYDpELd","899-859-3909","UGJvYicj@example.com","285 GtrmlsiCKxWkbb Dr","44334","Rhode Island","UkdMWT"
"QcxHbOU","963-362-7643","WMAjieKShu@gmail.com","410 yHYTtGpl Dr","63340","Nevada","UaJpH"
"pgHxAGrcW","564-587-6626","EPRqsDif@outlook.com","359 vSOzgRJrDAH St","44118","Washington","YnXVRSs"
"nxLDjhMy","867-954-6295","jaulPqDiCNG@outlook.com","439 OubLAThMpqdeG Ave","44351","West Virginia","tQUCuvSY"
"tJRywGomD","460-330-9580","AjXhHVldb@gmail.com","191 pMAgKSzdy Rd","98824","Kentucky","HrWNo"
"aiRHxD","221-614-2327","ckwGlFhOl@gmail.com","353 zABBTOUiHr Rd","21663","Indiana","PxqzFlN"
"tYQMEkRaD","954-306-1138","atGpTPoz@yahoo.com","407 HvdHIfFltout Ave","84375","Delaware","WOtIzEJqM"
"yjJbCb","525-460-9708","rAxUhzdv@example.com","683 ngEReBoymx Ave","79884","West Virginia","LqgfgOPh"
"AnqYFgQ","755-831-1579","FQdrgIdUDt@example.com","134 tTntIOQOO Dr","34052","Maryland","LBWmWcHAa"
"cFDFdR","392-842-4581","nkfwvNkgH@yahoo.com","433 SzlbInGnWqEHCK St","78735","New Jersey","WBRMWbf"
"hCAMhDJI","836-926-2995","jthPXkNA@outlook.com","952 vfpXCwskSSq Ave","52114","New Mexico","zjtkIOPod"
"QrfdhevmU","897-717-2985","tdHgztnMhpm@yahoo.com","373 dvPMNswPCjdX Ave","45634","Hawaii","YOPzsj"
"HaCeBF","452-837-9822","glwesdrMw@yahoo.com","616 lPmoeFYzXJv Ave","57290","Vermont","AEEUL"
"hRWCCflyw","995-408-3445","McGnvvtO@example.com","105 PniQMkdPGW Rd","96664","Maine","tJhKBYr"
"VPwwyRsbr","252-443-3512","TUkCGXPnJ@yahoo.com","726 QfDQNEmKRqba St","62496","Louisiana","ekwsmP"
"pbFEDly","432-813-4420","TtjJddKsY@example.com","507 CnXrnXQzTHfUlj Rd","81624","New York","nsfwhH"
"gLEhkm","408-950-9454","odRPDrFKP@example.com","915 QqVuMkkKyW Dr","68780","Tennessee","nCnDti"
"MRPuXsjTA","257-901-4619","eyGaQdYrs@yahoo.com","171 XbCbVpYjESrBy Blvd","78636","Pennsylvania","aJiejhtz"
"AIBtc","280-822-3410","HjIEScWEn@gmail.com","408 iujvkVmDWM Rd","46094","Delaware","pWaGS"
"ibHDJ","793-761-5024","IEHklvWuaXi@outlook.com","163 ogCvCeixN Ave","24327","Oklahoma","ruQhY"
"fkIEyVn","530-815-8551","duAdTXrlE@yahoo.com","800 kaugCudET St","93046","Maine","FVpCL"
"bxSnOF","709-981-9896","YKzPCoBHoTR@yahoo.com","587 UCfFcSTWCKe Blvd","82549","Connecticut","McOvCfz"
"hBrxat","764-467-2023","KqlbvPpoAa@example.com","947 hBxraYrKA Dr","20057","Missouri","lGUCGb"
"pIvGN","497-548-9684","aSULbnaF@outlook.com","286 aacduXppFwvd St","75090","Utah","sstXagaPx"
"BBpnaHrM","930-958-8779","pIDvsHkmXBS@example.com","511 pXHrYkDXkc Blvd","11475","Kentucky","cTXiwXA"
"JdcynD","574-909-4328","rMLHgqQmwB@example.com","573 MCAwByQMQzgXOX Rd","20175","Illinois","iPcTss"
"RlQHLPD","586-700-2181","eVSTcFBrxBR@yahoo.com","504 vBcHLYIImVcpk Blvd","98384","Maine","tyzbdh"
"xhNmJMBfr","755-396-3813","bhwAApxVKb@example.com","820 fSPKSUfWPg Rd","24272","Alaska","RizmW"
"OQNMyqEcc","746-905-2230","adhhSMVpVvC@yahoo.com","325 kqDuStbIRXfFw Rd","19456","Michigan","ohzgV"
"DjIeFVb","406-736-3000","zjLwXtTcrv@outlook.com","425 hPHCdErko Blvd","33547","Oregon","fGqpk"
"aMhAnYGvn","589-576-7981","XeUhMMfAU@example.com","831 lKICoRRGS St","14499","Vermont","NGKYpxbus"
"DQaqT","655-846-5166","KKnFVrnG@outlook.com","842 xcnAmwnl Rd","70758","Arkansas","lxSJQuLId"
"Hszswz","330-742-3042","udsTFtbgjs@outlook.com","561 OjexQhGRrqjLyn Rd","27857","Nebraska","XSWFrn"
"mwEqlr","580-545-5277","mKtxEdtzr@gmail.com","112 MpuDxEfoTkWTwK St","98168","Virginia","JCavVR"
"fuJRFnz","426-920-7883","hFVNhdKzBF@example.com","472 bvpVdVMGM Ave","21034","New Jersey","vEdkWTYss"
"uqhYpnza","823-849-9865","qSCAGMRzE@gmail.com","220 JvVKguOdB Blvd","50845","Texas","JkLTcU"
"WELnskEHU","742-717-9118","vywpoavD@gmail.com","905 LLeFSkMkk Dr","81485","Kansas","GbQJIg"
"gIswEC","903-499-1049","hQUOkqkyV@yahoo.com","500 XVGHCxwIJ Ave","75123","Wyoming","VrPbferaQ"
"sLByFXJEN","308-776-2949","tCdExSejVf@yahoo.com","750 ymAqXDiifakyy Blvd","87186","West Virginia","ykeAWp"
"LRNSYrl","373-276-9148","BkodAwwx@gmail.com","542 JACBMNdCtacs Dr","69840","New Jersey","ImXISBIAh"
"SMkQDcTYH","568-266-6822","dxTySrTadwX@gmail.com","623 qAtPNHcKoHJE St","39959","Washington","tiQEydgpc"
"vVTuMc","344-718-4389","eyrzUxSn@yahoo.com","807 YHVrNgJXctE Ave","20596","Oregon","ODKRL"
"GHqCCO","962-874-2113","YzFCwtBj@example.com","290 pcEOxwFli Ave","60381","Oklahoma","tieMzlNTS"
"oPHdGeEab","511-365-5284","xqkmEkyGv@yahoo.com","397 AlNKDvDssjf Blvd","22448","New Mexico","NlrBDAr"
"GyvCkf","923-750-146","qiFfgRGNa@example.com","655 ofulaYjT Rd","65321","Arizona","ocXFxDJKx"
"mjuMqqmh","631-365-6225","uzlEhgoJ@example.com","945 ASIncOdgvbG Blvd","52838","Vermont","rAXHrfwWf"
"lpYjWGnOs","947-266-1181","fHyYskUKCqQ@outlook.com","723 GxJBaGYu Ave","92458","Rhode Island","XgcWe"
"cdvlrMQdj","584-965-4060","KPmhCerGJiy@gmail.com","678 LbYeLbkCrgrcf Rd","87495","North Dakota","DjBMzIu"
"ULfBCO","290-884-5775","qUnmKhrkRM@example.com","889 TCRGlXBspTAh Rd","32705","Kansas","xvyzyU"
"seFcQag","629-713-4800","HINaUySuxVe@yahoo.com","366 KzqVynQLP St","88860","Kansas","hfoJwwlT"
"TtaSwda","257-482-5093","BKAgkfASn@outlook.com","183 kOvYTpFXOCLNrL Blvd","57655","North Carolina","wNjgJ"
"DzmvXB","232-759-7163","IlygaHQr@yahoo.com","935 DtxfdUMNWGE Blvd","53071","Colorado","FtEwllhh"
"DUneqk","552-686-8877","deFXISUm@gmail.com","127 YopbWRUWg Blvd","78909","Rhode Island","srhzqRv"
"BcCjrpBd","413-610-6796","uIbmQdIP@outlook.com","433 lGPiGNblNU Rd","61019","Delaware","tXKmuVu"
"kBhUg","310-877-9561","jzDNMpygAS@gmail.com","862 zDKUoqzjbCq Blvd","89568","South Dakota","jWQQzX"
"OBVSqNcjS","217-959-8421","OOjQIOfKVCc@outlook.com","744 xSvbbXeGsJRoBj Rd","44553","California","vgYzPc"
"KIwXPOV","622-327-4438","xNMzRBFGxsm@example.com","376 iSkPvgGaGDTy St","13085","North Dakota","UmHkt"
"kcTfS","218-585-697","kwgDmEWP@yahoo.com","754 BLHDwlJuzgii Blvd","60829","Massachusetts","NasACiLi"
"hWaul","714-952-1280","WYHKbgGg@example.com","848 tzcstqsOTQ St","13035","Kentucky","MXlneysw"
"NyIbS","860-924-9645","RqvyqztVfKP@outlook.com","368 oNsTjubSKdP Rd","41273","Iowa","IWxIlgv"
"IgsAQL","576-574-223","cFgehrQdCE@outlook.com","530 ncnQjqYNQOP Rd","95786","California","XdrHdKOuf"
"NBLehnV","695-732-9717","SOndXarKf@gmail.com","840 JhnXMGUeHdFcTr Dr","48493","Wyoming","bKyPvV"
"IcbRAk","972-239-8921","EvDEjjLS@example.com","876 fcjAsRfhjKtDax Blvd","93188","Missouri","TTvdkpKM"
"zFUXaVo","996-880-8503","phapqAHC@outlook.com","605 xHVwQsirls Blvd","78343","Connecticut","wtrYNGRz"
"GiTSfFEa","380-955-4996","BKPgBrEFq@gmail.com","669 oaAXAnAFgyJK Ave","44594","Colorado","QjKAGrsv"
"XytDmVqVL","772-785-4248","EDnoOBlWo@gmail.com","472 JDzetnYWl Rd","24920","Wyoming","amtmzy"
"DmgyAFs","859-384-612","nggCFzdPvum@outlook.com","131 cRIxEMYFX Blvd","20418","Arkansas","HptQRX"
"LXILDrBnr","878-960-2012","PumqeDBzMis@gmail.com","188 laCQQLRICN Blvd","34435","New Jersey","LcXJSK"
"FRJIbhpQF","754-790-2645","dwWqnSQS@gmail.com","462 VwACqWuPF Rd","89969","Washington","sKtopnm"
"umQMz","235-953-5354","BurhMuLFrJX@gmail.com","584 wurdKzzSPi Rd","43503","Nebraska","TPirkAad"
"lNqcnavg","616-350-7905","mrLRriYVwv@example.com","423 dCKPMfBxIOJml Dr","27118","Washington","olMmNXjqB"
"nnxoSmFi","509-941-1215","seMnXcTKMH@example.com","332 ykVPRhwcIFxUv St","84816","North Dakota","qOwySDMEq"
"OJTkbnXG","242-397-3205","EUWqJXmWbE@yahoo.com","507 RvqGAMDvFkjN Dr","19571","Vermont","EOJpMq"
"HIOtgl","996-252-166","QQYJXNucHb@outlook.com","260 QSAIUoNOe Rd","45679","Kansas","rwkwK"
"cQHMuXNY","371-659-3256","xNXOrUmGRK@example.com","837 MCKShrMnoCee Dr","23949","Oklahoma","wjDla"
"gKSqfwK","547-983-7178","DYJbHheqpr@yahoo.com","357 tcuXiWxjs Rd","66821","Wisconsin","jnasHMf"
"uKvOk","959-726-452","WAGJNQieyR@yahoo.com","428 qMpReAnF Rd","95762","Hawaii","sGUlMQ"
"atFPtEdbT","636-374-8693","lvEsjIzRDL@example.com","148 dvCXNqXkOiX St","33749","Oregon","VqgsbMLP"
"YNIVgYdQ","372-465-8227","yozYlDisd@outlook.com","483 HPfOPtTG Dr","95396","Delaware","yyLrUc"
"gtyUUA","206-769-5904","KSUcxqKmL@gmail.com","170 OAEXaOClnvy Blvd","56802","Texas","XYfuwPmx"
"MbqOjSC","207-721-3674","MgdqDqsmRQH@outlook.com","504 LsxSWmqpdmfBaT Blvd","14362","Alaska","FIFbkn"
"anvoEaCkL","807-521-3950","OIxdcvbdM@outlook.com","180 wtxoofIvp Dr","95855","Delaware","lUhaos"
"bmukhyLSb","872-539-9393","vfNOtSHDFoW@example.com","842 zYInLPwCP Rd","17489","New Mexico","ENavKrfbo"
"yyljzowv","227-425-4229","LXFDaXnjD@gmail.com","755 tCXtSkfYorgCJN Rd","73191","Ohio","wCgYKK"
"fXGpeMmvG","506-849-854","anFvIcTwWGl@yahoo.com","515 PfLzTINLBG Rd","43646","North Dakota","uNYBlTL"
"iIOACu","949-451-8611","iUtOuwnVp@outlook.com","364 ClHdIQFEJYYi Ave","66387","Utah","JqHIw"
"UrBCgKusi","722-895-1319","NSdvDeFAe@yahoo.com","731 KTqjvqSUILQLGK St","47669","Utah","RPoGxtKY"
"xhFTpwT","246-723-5477","QGHbklxGen@outlook.com","540 XLFjQEJdrFEJsc Rd","52587","Massachusetts","FABGET"
"KEKXtxi","463-914-9258","FJOJiVhYfDR@outlook.com","779 DkWOswDqqiqWvI Ave","38633","New Mexico","eQqlLPen"
"wffLhF","404-683-2766","YsfvrcfN@gmail.com","811 WDqhBEhDQjkyo St","90171","Minnesota","etncgPf"
"tqGJF","663-317-472","ElmSjtAU@outlook.com","611 sqfUKrxsrRUQDv St","16711","Georgia","HUUDSMfeK"
"HQTRfi","812-728-7235","SFSJceLeg@yahoo.com","504 TmDFFNmdaMTBR Ave","15961","Connecticut","mMmkq"
"bANlMIqR","731-410-1018","VbBkCeIJu@gmail.com","653 HPHVRBeYRlpFKk Ave","69718","Louisiana","TwiyJEj"
"vMEpJEImo","647-706-6920","ygjskSKC@outlook.com","634 ldrMAmPq Rd","25101","Maryland","CMgXYtmr"
"KwlARVy","235-721-6833","OcWTFiiVPK@example.com","518 FsykIXbWvMJ Ave","94502","Massachusetts","cWghHRlfS"
"QNAgibTaW","802-549-3958","NIEeLIVQvQM@gmail.com","719 EKLtJMRYyVyAi Rd","59416","Kansas","bOCJz"
"TekRcAY","283-909-7883","resJzyXuhcE@gmail.com","174 KGhPCTPCLuAD Blvd","49179","Maine","poGqojGT"
"fHAKTRHGY","764-533-442","TpjRfdmcyT@gmail.com","269 sQMybvJwVeqY Dr","70187","Minnesota","GKubjytQ"
"HhxIbp","451-560-4891","EVVgpdREur@gmail.com","649 kiwjWubSYsBQ St","71137","Utah","KHjBbDO"
"NyAxTLy","458-919-52","JQcwUkAb@yahoo.com","109 GtPaqIoOiON Dr","93633","Montana","YrjtR"
"QyBNHK","395-777-1040","ggxkVCjk@yahoo.com","324 xXYiuxatB Ave","56678","New Mexico","xenFAQufC"
"OxWIKAA","848-577-7845","WVRvhQqVl@yahoo.com","690 cJdgVGAmVc Dr","12849","Kentucky","bxXHW"
"NGGwIJMMg","240-765-3784","KBaApQyChCL@yahoo.com","709 sPfdOOLwJ St","35347","Georgia","XJfasIW"
"dGxpCeJeU","953-284-3031","tmzuitQDI@example.com","178 gvXSSeAi Dr","41736","Maryland","YgViPwYdW"
"ERaWLm","302-261-6254","JzrGOVmw@gmail.com","107 TAgTxRth Ave","18082","Ohio","UrRtU"
"bLHgOaS","621-468-2244","kxEVEgzl@outlook.com","574 iLYWMzqEqkvDY Ave","67933","Washington","vtLXtqef"
"wzDTleR","379-252-4046","OqwDhGiMDCt@gmail.com","778 UhJaHJXGrw Rd","52379","Montana","TkjUld"
"EGgce","653-801-1008","WBsQjCvxmW@outlook.com","675 vakhmiLWidGdit St","61788","North Carolina","zmkhjoUtH"
"HFsUr","959-643-752","aWfhnkmnB@example.com","741 cPSfuNjO Ave","48593","Illinois","BfhAsNQ"
"jQuGf","778-265-4717","wzJvbHVJS@outlook.com","340 pjOXJvRkiFiLUx St","89850","Kentucky","TFJsCgL"
"dwAUsGyS","286-734-8212","zhXwCUJohuq@yahoo.com","540 cDjNnGNgQev St","22720","North Dakota","dMLnyH"
"ykHmzRIsj","694-495-4315","TMFzNxIB@gmail.com","443 AYtUUImyMF St","97306","Connecticut","RYVytUE"
"latKmf","326-693-3070","XBaXHUmkv@outlook.com","818 CaPbxlKm St","74107","Kentucky","wNrva"
"xgbUHRsW","229-330-1561","BuyfJeSI@outlook.com","289 fGPNwwhXYMPuPH Blvd","85366","Wisconsin","PCOQzfMe"
"aUsMQYwYF","200-950-7998","wWEnxUbK@gmail.com","603 oYxLlvTCJPi Blvd","48935","Colorado","kptBm"
"NdBqX","636-549-3596","JQCVeDkP@outlook.com","167 ukcflbbHgb St","93461","Massachusetts","WrFnsSG"
"tcMjRFt","905-978-808","fHvmjcDn@outlook.com","777 wGXlHbsv Rd","67027","Kentucky","YufYDP"
"MlJmbtw","247-723-9553","eBESNmyhcK@gmail.com","219 dNpMKuhiIQS Rd","72681","Michigan","YAjULj"
"EJDfT","699-316-5434","eJQWwoOFH@outlook.com","588 YTwHPMpcytEJF Dr","80325","Pennsylvania","XVHwqer"
"EYHQbjoU","707-354-7217","onoRwxbRVa@gmail.com","887 LgXICEHrvIzVOr Rd","52272","Tennessee","hFhLDAGDG"
"lCbImE","237-505-9180","ULcxJncFTdv@gmail.com","185 zujeChnNfyPGH Blvd","95681","Utah","zmqBmaD"
"KKedt","205-244-1669","AjBYlAqDeVI@outlook.com","292 vPlrCGmbhRtbwx Rd","83096","Utah","geawSEqe"
"wrLPHkbB","558-662-112","GBYgqdDwmzQ@yahoo.com","722 VMagaVsBbYaXOQ Rd","59064","Wisconsin","owgqkGMh"
"OTxKnbS","891-757-5665","sJgfelged@outlook.com","984 pbmNCpiygGSl Ave","43665","New York","oIdbJDPlV"
"CeAOdvuah","748-919-7383","egMgEkxCpL@outlook.com","847 AKGJzBdbNo Rd","43285","New Mexico","uiwwseI"
"SYLuSsmvs","665-770-3244","WokYeEGjo@example.com","373 HQqmXsJjiC Ave","73086","South Dakota","itdNnAbri"
"SVAwpnO","941-423-1524","XjNbWgug@outlook.com","884 CcoCCbyKKllaKG Dr","17590","Maryland","XkuhYcx"
"AbGMtgrEG","506-825-4350","kFAbtDeQIMR@example.com","160 GUhGTIPLecL St","81381","Colorado","CyWoyawli"
"GMSJnST","921-644-6245","nGQXGxJiTiI@example.com","982 iUIslycurdt St","56133","Virginia","oRVVcmGY"
"ogdYyR","298-546-2062","xSiWVnAKo@gmail.com","978 tKVUmfFMlP Rd","98142","California","hcHOYjpb"
"QqJRH","848-688-4442","hOqTlQRKQ@yahoo.com","389 dLECQVFwxd St","88652","Massachusetts","SpAWoMu"
"cvsdQkFl","317-855-7564","uslBlUEys@outlook.com","572 njbWYkmaEARN Dr","82068","Kentucky","KqIVrS"
"AAmqv","969-532-4385","LaBYgsNwnmS@gmail.com","365 iYBAsfUojnVxx Ave","87540","South Carolina","VjOIs"
"sVzXz","629-393-2114","bSxxCdRcJCe@gmail.com","356 BorVmQFqPKyClD Ave","55583","Arizona","vdnKocDO"
"yFMLci","596-770-1777","fxzvitAGL@yahoo.com","961 aEipYKGdTj Blvd","33128","Utah","bvuMRvvg"
"bxsaq","353-697-340","YssXgYQkYPs@yahoo.com","180 UzfueDxLSBND Rd","97926","Minnesota","bkWyHKQU"
"XBdINviP","360-262-8927","lNUQkfaUF@gmail.com","360 IYtTPJuhR Blvd","47401","New Hampshire","waQWT"
"SLnMDSIM","820-243-1263","exVcIIdIhtK@outlook.com","462 eeVFeAHVqd St","52213","Nevada","WagWuejY"
"LyalhagS","307-959-4882","QAluTyFoVTj@yahoo.com","374 bjzBSQVrRsWN Ave","92165","Wisconsin","CaGqlRfQ"
"HNWSlchMl","443-730-9837","xyMookOn@outlook.com","711 hKVmpaBfERk Blvd","57781","Tennessee","nxDHEAP"
"jrBvHL","911-760-7515","sumVtTjmy@gmail.com","458 HqaslEBmeBXtrb Ave","60338","Washington","OeqrjM"
"XRaMIjaBg","584-631-6892","jJYXYHVF@yahoo.com","607 ArUfjjAVDz Ave","28948","Michigan","IEgfRQp"
"CpsNoUSxP","840-553-3579","PwLAoVblTx@gmail.com","785 RaUpYenXWRy Ave","24451","Montana","yeLNsry"
"dWFWRCt","218-802-5637","wfkFcxUEAIu@example.com","371 cSwKYWlgNA St","98134","North Dakota","gsMEGDchm"
"zLXgGSGW","667-234-6079","uTWyelGQMy@gmail.com","211 iUphMCPNI Ave","50716","Maryland","hEPEcoo"
"XlffVCxAy","899-355-8133","DtTVwWrYm@gmail.com","147 RRiAbNDkkBPC Blvd","65832","Idaho","DOHhILWw"
"MTJxTk","852-212-5051","lNiovNQjO@gmail.com","346 GUiVeTHoLn Blvd","96124","Wyoming","ReLHeTUi"
"kTCTM","730-549-9166","BJquebio@outlook.com","547 AYcqzBmn Dr","15446","Alabama","GpSRXb"
"IoBhwjHN","662-850-1640","wKJmasutrID@gmail.com","638 PJcwHqrjGmaii Rd","31878","Georgia","rIdmLpk"
"FKzmnL","673-762-2831","slohKVsOnEk@example.com","507 plDwYypObJXwYS Ave","26787","Hawaii","agMaR"
"OchGSKO","867-896-9708","axickrPLX@example.com","648 JyAuQYQnAsoQ Dr","36431","Rhode Island","SuqAnOn"
"ApvtATaWE","720-618-7716","TQUImcvk@yahoo.com","121 knkadjYwjIK Dr","24206","Indiana","FceFzbjNk"
"TDBqkNWiy","439-862-8795","IuxauIGL@yahoo.com","816 MiWtjtBVmsve Rd","41042","Arizona","yIwwyHa"
"WUlkM","798-327-8958","UWPPVCrzpGM@gmail.com","593 gqPbwzHfbjuYr Rd","81533","Massachusetts","TLrbK"
"IiLzg","462-956-437","rLLEOhGumRp@gmail.com","744 nhWIMFGW St","49818","South Carolina","owHWBRmdX"
"RCEELVDH","285-832-9331","zDnyTcptbCl@example.com","937 hqWQnYYLDGUFfq Ave","11516","New York","OBaLEaQ"
"hmrWvsI","749-828-3969","legVgWjy@outlook.com","722 lqKVaaquV Ave","85206","Idaho","xDKnTo"
"QDUofx","515-601-7828","xPXRYDoD@example.com","205 HMHuGIGvnyvvC Blvd","89853","South Carolina","sccMbdHU"
"VbvrkkhaB","573-553-9580","oKSzMOURgP@yahoo.com","669 cMmznmcBS Blvd","35180","Alaska","mkKeT"
"YvOxXE","936-912-9449","pEAShUkEwUO@gmail.com","193 wPsmomWzdST Rd","41497","Georgia","UyhKsBLh"
"vMqzPx","324-340-3003","XaOIDOGA@example.com","567 hKfWgAup Dr","96821","Georgia","YQhwkXKCx"
"kCrQdUBVb","529-272-2849","vCKgdAslb@outlook.com","948 qfKHOEgLirAPL Dr","44833","Mississippi","fsKWBIGV"
"vvhOgomEV","583-853-6557","gqclnELAaj@gmail.com","309 UoRppyGNbcS Ave","24763","North Carolina","XpmxzGvE"
"Xuswb","395-495-3214","uJYfaMhIaai@outlook.com","465 dSEURVaOF St","16343","Alabama","uISFb"
"qbBoGCCNo","623-951-5237","gVcrurVuB@yahoo.com","318 vqwBirXGpuwn Ave","21646","Colorado","bhULEyAsR"
"KAObU","371-228-5500","PMcPnNFQ@yahoo.com","454 kkGCuTlHW Ave","12091","New Mexico","BtGIO"
"yNgIHJax","299-756-2221","DwPoDFIT@yahoo.com","511 cnfvCcrh Blvd","25648","South Carolina","yJzQBiW"
"pykIEU","720-299-8517","UDdcuVkOTPE@yahoo.com","837 XVQgYJTcKbMQW Rd","54409","Minnesota","gTUbEh"
"jIFxsehq","200-473-5978","zpdkpAlvKLY@outlook.com","134 sqSYbDdAHrBSf Blvd","20135","Wyoming","aOQFIFD"
"kaezICcMt","349-210-9078","QEPvgGKeLtV@outlook.com","628 DmGtcNOUXnlLr Dr","82748","Oklahoma","McDaEjS"
"dGkEKV","807-330-1848","SjbdFshKR@example.com","107 cVXnjTiyDpxG Ave","27817","Vermont","eAgEJ"
"izGXEgbC","415-384-9695","YtcBMXgy@outlook.com","366 hdJOijsIPy Ave","61677","Oklahoma","MmYLhI"
"ysBEBHnkr","629-562-8870","cdmbzxgtF@gmail.com","859 uHtaAjbcfLm St","10445","Texas","RknwVKY"
"Ezzpx","953-619-8365","NFDHQyFnr@gmail.com","446 LkiVoPYI Ave","17781","Georgia","HPByqN"
"MgoXCWj","546-220-7954","LvLxLILsB@gmail.com","351 xadAXzJtrrXTM St","74850","Minnesota","NwQvF"
"UNeVa","410-808-3130","JEQzuOXv@example.com","907 pcUMWoBiqxszit St","31690","Washington","qzfhFhA"
"lxfRjMQJ","958-510-6849","GXCHXTIQkYU@outlook.com","615 ATrXGeBCyhR Blvd","68519","Wyoming","vreBn"
"FPDOq","371-942-2318","jvkbNRKNG@yahoo.com","721 wgTIpyTsz Rd","46188","Maine","kRWlnAX"
"sJnptQCl","268-777-8128","cSTKDbLTrY@example.com","334 FkGmreUMaHyu Dr","24550","Colorado","QBOFKWLs"
"dTNdTc","750-659-4321","HwGLlwPigG@yahoo.com","920 KlSnbPLvr St","17774","Missouri","gsCEfy"
"xtIxqPrl","292-288-521","WASpHvzCGor@yahoo.com","701 yjllvKCa Blvd","59151","New Hampshire","zAGevEuv"
"vfUbIUxoq","637-540-5983","cSRcXXYLqsi@example.com","420 xkIQDyjyFUMq Blvd","58264","Washington","OzPXjUC"
"rvBHvGxP","240-674-4094","eCYvfzFd@gmail.com","717 EwXrCEthv Rd","56000","Kentucky","dxLawY"
"MFsnHoum","874-902-4362","BWUKNTKg@yahoo.com","851 XnXopPQwyCAre St","34419","Iowa","XAMVYGnQy"
"QejViH","684-875-7446","tFMnITvTcb@yahoo.com","978 PeVfTQBYK Dr","35566","Kentucky","ytKAWXIW"
"xHMJG","607-245-7350","EYqbWHaudg@gmail.com","303 TwPMXbaMRytbw St","94349","New Jersey","etcopTw"
"WtaAL","393-844-1075","SNYrpDuBxwi@outlook.com","236 CFPcllBbch Ave","69509","Ohio","fHXBynHGj"
"eCbYP","840-412-5895","SXTRFWgm@example.com","606 oEHjxAEj Rd","34518","South Carolina","AGJLH"
"SOtucfGrl","654-669-4982","zSjUQILzSJs@yahoo.com","979 lOxXHMTvDxYHkr Blvd","52500","Massachusetts","jaTMr"
"hckdXAit","200-803-9031","rqGgrDUQb@example.com","327 WRVDEDxO Rd","66084","Arkansas","xKNeqefe"
"nEreIddpN","358-974-272","dbBPjKKGBJY@yahoo.com","653 cPyIEufqKU Ave","60827","South Dakota","LzLrpiEgm"
"kwxxnoDjG","774-450-9375","LgkHntIyQpt@example.com","954 frYMDNNwE St","69556","Louisiana","kpuUELf"
"WmczCIPnR","997-622-5833","KVcHjRje@outlook.com","640 KunQMOMOzkc Blvd","97430","Indiana","vHTQLJ"
"JmGCpC","916-763-2832","BlviJgUiTtm@example.com","609 okHxdTjCCqqt Blvd","29962","Tennessee","OJtYpmh"
"FQTKR","423-322-2579","eTwVkfAEheT@outlook.com","932 xnSGkRDujsr Rd","77697","Nebraska","WRikUCzlW"
"FscCHgIX","219-654-2166","RYiPNtuElmW@example.com","710 mCFkaOQbtIDgOt St","84322","Massachusetts","jILyPLuiW"
"OaALYBAY","764-674-2621","qqkyaXkrz@yahoo.com","872 jzqHyEkA Dr","16512","Pennsylvania","frOArvJ"
"cHyaDwrD","226-948-1523","yXDyirbNH@example.com","863 iSTvzwkDwJH St","84776","New Hampshire","uFHav"
"jRnSiIPri","380-779-1878","dvcRHRbNd@outlook.com","120 LdlJeyLIH Blvd","67134","Virginia","FFnBT"
"yULrjpp","962-329-3012","XypPpDmGL@example.com","637 xsyKCNGCWE Dr","97244","Iowa","GizMyxrwC"
"GdOJGmKsC","256-823-2266","xqvpqwfGHR@example.com","749 zAQulrrWeR Rd","14383","New York","xlRfUJgF"
"ffsByLFB","951-201-8511","XhjrdFChlN@example.com","406 othWjSiUwAtd Ave","50401","New Hampshire","yNbHg"
"oRuOC","204-432-9232","MoPFjgezeCy@example.com","967 tYSpqVMEjf Dr","25282","Iowa","RCwYokk"
"DMRiLJKh","479-708-8952","oRECOYceX@example.com","637 jNAHyKOIKh Ave","47108","Oklahoma","jJFzB"
"BEejEOk","231-714-9038","IIsSXmTNcKm@outlook.com","511 ROdTSPxQTpcqy Ave","49791","Missouri","RErqs"
"rWdJnn","435-704-5876","BnYsjvDN@outlook.com","788 aSgpIjJMHrLvoL Ave","23943","Oregon","pmDbP"
"DknYYo","366-870-8083","JKyzeOIPSPR@gmail.com","204 cvyVTydBvrJU Ave","49304","Mississippi","KfKVs"
"OKqQy","839-426-3712","eyCuJqkvptW@yahoo.com","828 kUWlEdDTmpd Rd","93816","Maine","lHcxS"
"ixHjn","479-727-1053","kQOepkGJ@gmail.com","685 RXDiSxwVCw Blvd","37611","Nevada","EUAqK"
"jDSedcqLT","955-698-5697","qHkFdUoWYd@gmail.com","478 JSczedjPia Blvd","85982","South Carolina","iwCyB"
"UHXDFYe","879-546-7230","BiFTiznCz@yahoo.com","789 tehMSvGAsN St","56129","Connecticut","AupqAns"
"bLyRzajC","696-666-6291","EVUddHlm@yahoo.com","304 PHNupBbFOHT St","75045","Alabama","TfFOhuS"
"TOuYODdCG","466-555-4243","zDCGMfgYj@yahoo.com","583 FdIzikdXnS Rd","92855","Utah","WlweX"
"GUsXFyV","807-725-2632","UvLeqPtBViL@gmail.com","339 vOMINMuHT Blvd","67074","Vermont","KMDlJYR"
"ALLlflPuu","361-762-6510","ltEhIOdrd@yahoo.com","351 rsmCxnnB St","76861","North Dakota","ohnnariA"
"kgwCrQM","419-830-2686","EauAKqEsp@gmail.com","974 JHbDSebcdncF Dr","25042","Kansas","blqoyY"
"BcoMxWT","223-673-449","hkWmMFJzNG@example.com","739 CbVADMJVQ St","13823","South Carolina","nBhKex"
"JMcxKgdn","572-817-8525","CjAgxKUTg@outlook.com","538 SVVmelnC Blvd","41591","Missouri","CLmDo"
"egfyuK","232-546-3682","HHnATnHaA@outlook.com","281 XWqRsWbbYU Blvd","95997","Nevada","TUWMbY"
"Jtswf","271-394-9959","mEbaIRGmxaE@example.com","236 acAaWUgLzjNVv Dr","92282","Iowa","COPNxO"
"kNChAWRMG","635-338-7911","GUrvSYUUd@outlook.com","626 EvsDPnADSfPVwl Dr","23469","Indiana","DqBCaq"
"pfstxrXN","215-665-4746","vHESlaxY@gmail.com","108 skduOqEaFycWr Blvd","76657","Nevada","AwxONIYzp"
"tcESNNb","870-801-9479","vRYsScYHmMY@outlook.com","102 YTAhULIy Ave","45975","Missouri","mTpOqdb"
"ENEfNlwW","761-564-8451","EBRfEIVci@outlook.com","625 ShFxLjbA St","40961","Pennsylvania","FNJhdc"
"jKDYxy","210-453-2651","EqDWLEHS@example.com","110 dANEndokdncG St","34852","New York","YlfRQ"
"EzUzbI","372-569-6073","ohflWFmXVgE@yahoo.com","686 VpxJiQNUdLvX St","88807","Wisconsin","cTfstYR"
"BBIVKgoOF","858-418-6190","RgzgrnrBCB@example.com","405 XxHURcnC Ave","54641","Hawaii","LgBWpwHe"
"kfYuDNS","910-429-79","QDYjWlRfrsi@outlook.com","874 YMfXMAnIxWnU Dr","96395","North Carolina","wRhNJo"
"xsIxsXhwI","278-927-9529","bkvdwNnzNX@example.com","386 QUbWwKFAJe Blvd","31560","Iowa","JPnVFezl"
"TlpTqwj","747-915-7422","gXpAdNmnIt@gmail.com","337 adlVsGcEpxNrSn Blvd","38220","Tennessee","DFnhUy"
"UYiTEpa","262-636-1571","PfNfWfiiiB@gmail.com","322 bkNCgBImD Blvd","48352","South Carolina","UpHVrLI"
"WPCwVjs","765-380-1994","vEhzxAWHMNX@yahoo.com","623 VGzSdGsWjaan St","13909","Alabama","nXVabmtf"
"aTXoUBRQ","264-879-3951","qzBHlWqC@outlook.com","730 PBFhsIju Blvd","49969","New Mexico","pzPqwFrs"
"upHRj","219-602-4714","btDnykqiYXF@outlook.com","966 HQHQyGFpq Rd","88731","Oregon","DfNOpQJjG"
"eDXMAMKth","797-699-5553","KSuNcVVdPVA@outlook.com","374 LBkUgHqnwyEDH Blvd","22721","Wyoming","hIDuk"
"mVAgwBN","942-587-8247","hUnyryMxSFd@yahoo.com","880 KjIPkbEuhUFI Blvd","85875","Rhode Island","kNPYBvnK"
"DzWTEq","232-767-6093","wtDGLtPrd@gmail.com","895 oXVXKPcHq St","96915","Missouri","RQnLHlma"
"rGBxKAvnu","223-320-8912","RUYnNisgsBI@gmail.com","313 csgdRgmcl Rd","11565","South Carolina","KnHJJi"
"KCPkru","880-422-444","CVWyENXrLXo@gmail.com","683 UaIaSuRHJHqhwU St","42074","Florida","VvEebk"
"OrjHxWBMk","385-272-4688","UlxgDwKks@yahoo.com","132 iTgGVpuUrrzKdw Ave","60833","Indiana","jvMrYjgH"
"tYcLy","498-376-186","BOwrKayUBd@example.com","814 CdaBDClbftVkc St","30977","Hawaii","iefXqe"
"mQjOfiay","569-347-8250","YFvcsWgS@example.com","219 pdydHjwnBl Blvd","59158","Wisconsin","rtvikwjqp"
"FLcpu","303-335-3951","XNeqqifQgL@example.com","296 QkwMYgQnvixIwu St","26532","Missouri","OoKRg"
"iCsiEujn","481-645-331","KYGHsCjMJGx@gmail.com","262 FxSeEACB Blvd","17816","Maryland","QeLHwvHm"
"yTJIQo","772-639-1444","umoTzapATnr@yahoo.com","205 QAaQggJIn Ave","91006","Nevada","HSjEV"
"YoTNhzHCN","832-673-498","whMvIkPiB@yahoo.com","840 BsYaWFbAnAhY Dr","87550","Ohio","vXwXB"
"bPIcO","618-337-6958","PFNNtRNekb@outlook.com","651 bNgnVQLVWGtoB Ave","14322","Rhode Island","qFlae"
"GTsCaMwk","534-411-9377","MBEBPuGiHp@outlook.com","327 PxAEMJjzIl Ave","33488","Vermont","kkPiMGox"
"EBMaWBbz","942-220-2407","IdsEmFYcXc@yahoo.com","530 SDiktwKq Blvd","51472","Alabama","NvuMXmEHY"
"FWqgBX","308-429-6887","sODqIjaRhpv@outlook.com","840 xMVcHkrNdsN Blvd","49317","Minnesota","MayaFeS"
"jNQMvzN","511-571-407","XcOQzsAmSms@yahoo.com","669 zPyAQjGr Rd","26305","Illinois","PRPeFht"
"gIRbnguOD","560-393-266","BRXwOfJcN@yahoo.com","549 cxddmaoDAVn Dr","53007","New Jersey","xCbcQSki"
"CnINA","450-822-3692","SzqgkKuqq@outlook.com","498 SNhKvfUbefV Dr","87692","South Carolina","TVgxWHt"
"HaTBE","427-291-7452","rpDLzDAkM@outlook.com","104 vvwjBwAC St","16344","Iowa","xUaXdmk"
"EKCSfP","732-924-1191","bNcCErzd@example.com","896 ahQFyGzdYlT Rd","52208","South Carolina","opyveEl"
"zlTfQwXy","699-451-9885","QzWSuEcQ@yahoo.com","338 StVlqQuyxaF Ave","37271","Iowa","aDSUA"
"avRwNhls","389-711-584","qPjUzTIrAD@example.com","664 HpAfStxXOtb Rd","43713","Indiana","vIsQwHu"
"PIiEOqFmT","245-327-8321","RWYRyhCUS@yahoo.com","629 cPHdscno St","93816","Kentucky","PRowRVI"
"nWYmquxC","825-459-646","GFgDOjabpp@yahoo.com","652 BMCtvYVNc St","27744","Alaska","GhEjdxH"
"QEhfj","983-606-5922","vMuFxaDC@example.com","171 wfianVDCoG Dr","69708","Kansas","oxVfVrN"
"qFmpq","382-903-7956","daBDJUKACg@outlook.com","498 aIoQMmPD Ave","73958","Illinois","QcAmTUOk"
"QWWqmamf","591-711-7905","DlkYuFIbpU@outlook.com","935 HFktNBdfyMDv Blvd","58903","Minnesota","OEuybSwEN"
"ljjDjKsmY","289-285-7544","YBJtXNGzi@gmail.com","532 GfHWBJijKyi St","23549","Tennessee","mDyKt"
"XwzlKl","833-528-8185","VApUJDTPUN@outlook.com","197 FMYGQfXBWNzHL St","87017","New Mexico","nbgFDDQV"
"UisUU","501-588-9464","YwWyAKjJ@gmail.com","530 DfyMSBHt Dr","77230","Florida","QsSoo"
"VvFADuuq","297-535-8640","GxOqLMooPlW@example.com","150 bivcBwDAVaxEL St","28797","Arizona","qKKgXu"
"rLYvkkeLD","530-575-8617","CpDfslKYkEk@gmail.com","371 BycvuEJxVPq Blvd","56397","New Jersey","geqhqgg"
"xBmRk","727-551-6457","jYlbyocoOzB@example.com","474 iqYSOmlaypKg Blvd","11725","Massachusetts","uNVczpMv"
"xWBcmxRhU","733-388-7352","EowisNwwXk@example.com","440 ieqOhWPn Rd","89784","Arizona","DpfiSvlt"
"bCIHOjh","385-339-8839","icKbmPSX@yahoo.com","502 hYYlSvkrBRNJq Rd","52470","West Virginia","nJKTustl"
"ceIWTaR","214-469-3119","ACyGWIcFC@gmail.com","591 lFdojPYJIHb Dr","82206","Washington","qRkHlkBSK"
"zJXXu","819-208-5963","xeyDQdUkR@example.com","818 yyPhMdWHNcCJ St","65693","Alabama","KrQednf"
"RUPUk","229-915-5240","LudnDLrAsMI@example.com","784 wTMRDqTexo Rd","86796","Louisiana","qrAtkYB"
"SKTJj","293-971-3102","OPkgUCQtSD@yahoo.com","748 naIDHWRHU St","34736","Hawaii","vLMOEL"
"HnsGpHcCU","264-894-3845","Cqgwutjy@outlook.com","985 GjtnwLTpvHwbB Blvd","54175","Tennessee","fonPOUEUB"
"ySwjx","789-390-4055","WEOwFaorFoT@yahoo.com","131 vERdfjbAmmF Dr","65004","Hawaii","lbhTHOLSy"
"fUxiLWcM","392-667-2945","lgLrGpkp@example.com","841 HsSQGdQmGX St","66434","Montana","huxOhB"
"boUJqPn","983-949-1541","gsgibOIVgoP@example.com","877 VklFXwqQmFUfsG Ave","70801","North Carolina","QOQVhXomr"
"aVXnuhpO","472-642-9188","bHVRmcuv@outlook.com","483 BzvULIRvyyn Blvd","73247","Connecticut","lASLU"
"qwFhxLM","798-222-4110","uulUMEEWnhK@gmail.com","153 UtmSwjxpDx Blvd","33918","North Dakota","RethrsVKf"
"mPXcAiB","287-746-3827","kJXKcabxEU@outlook.com","546 RploHqRxYiHii Dr","16183","Connecticut","LSTuMXhO"
"aRYfs","809-669-6831","RzUPljJnrzC@gmail.com","988 QlfPIWTouHRDTX Ave","10189","Kentucky","fyHIK"
"GkcffHQ","505-885-684","MWlMMsVx@example.com","356 vUBlKLjcIm Rd","14729","Maine","cpuerypb"
"ODOqX","403-537-1388","biqwTtvuM@outlook.com","485 ccfsGqiIKlzFK Blvd","85401","North Dakota","UcUKN"
"HozQN","975-345-5123","lcVMeVlYlY@yahoo.com","544 HVUPkdPGjY Ave","24031","Massachusetts","hMEHuesi"
"UhLCb","631-457-4898","SxegFTAtDD@gmail.com","501 wNOtKUNmnkGf Blvd","99521","Wisconsin","tUxeNMFbj"
"PMHsMG","321-461-7388","jqSbOTrjat@outlook.com","406 ojLjyCag Rd","29138","New Hampshire","KzTcBh"
"jWvObrq","454-839-6543","NOajeyXA@outlook.com","847 WeFVSqVX St","60251","Massachusetts","jMNbwESMa"
"njgaRYd","951-341-5053","VVoDTpNT@example.com","388 JkBwNuIxxwWz Blvd","12531","Ohio","MspPVxdu"
"SGhNEo","932-533-9094","PFsVJmSlBGJ@example.com","669 WKWBSeAOJh Dr","64575","Idaho","IlrynL"
"kPjICkjG","271-780-5571","VYIGVJPUDk@gmail.com","739 dUzXoUPvuNlN Dr","61008","Maine","QDEDlUq"
"XjaEoC","203-646-2270","kYuXPbPOsY@gmail.com","219 ahmXElyWTiK St","58763","New Hampshire","cbzJIhvvl"
"InpRz","201-872-6363","salrKzGQ@outlook.com","562 hCuWNsrFr Rd","74181","Alaska","dOLCXYONU"
"HEJtQAx","678-491-1648","jIWjKigT@outlook.com","379 sUNwCFVersS Blvd","88101","Iowa","edruobXC"
"HclgTdL","568-698-328","NFyBWcaDf@yahoo.com","363 oXnNiFPNXUW Blvd","35324","Washington","RcjmzyGw"
"fhXHVsnV","969-263-8057","QKQXQcypFb@yahoo.com","966 rETiiFef Blvd","15475","Alaska","yALxMEy"
"hrVwJcqyr","761-446-4888","mlhvocUt@outlook.com","529 UeaaNJQrVf Rd","42629","New York","efeQqS"
"muMXryrQJ","621-280-4417","kHOVUImttdX@outlook.com","827 lgclEPXqPc Ave","51647","Montana","MLBXh"
"CSQVWwQGi","445-273-390","xswHkLfRW@gmail.com","938 uVTJdohYset Ave","69817","West Virginia","qPjtOl"
"oyhFnz","271-274-4742","kludFgMs@outlook.com","914 yFkKFkACKnhz Ave","75270","Mississippi","mKJeorXH"
"ObOwFqvQ","599-912-5417","sxHhViCuUgW@outlook.com","159 BECuxoFFlXn Blvd","96565","Kentucky","CDDHD"
"nrEUYSOw","673-831-2232","nxYcUKFKF@yahoo.com","360 sosVMXvlQ Dr","43412","Indiana","SWfMBAv"
"jTTMvYBf","856-906-3876","hslbYaDE@outlook.com","233 BCxEDRTbYoTLy St","84749","West Virginia","gagfCoQd"
"rWcGDpmdY","227-790-6895","JoFeJhnEGxh@outlook.com","853 ASfJqhECQU St","86560","Kansas","QUcmAWLU"
"vvHfMCVO","937-594-7739","oSgCykfYWi@outlook.com","388 TQnzUgFVQwI Blvd","25998","West Virginia","NQMHB"
"muqboT","244-978-7859","PcJxRhYlTFN@outlook.com","158 AbKNFAcxr Dr","96681","Arkansas","wahOSfpwW"
"SbbcjnDjb","888-419-8023","UVpPzvpox@yahoo.com","375 kRXHvalEL Dr","43551","Florida","zyKIjJce"
"JVRXR","950-926-5118","otWrPRwoog@outlook.com","677 lQmRJWIwNU Dr","26737","Vermont","zpRuLbjH"
"IyYlWDep","330-279-2445","rLiDtdEe@example.com","929 oSUsLNXOa Dr","77268","California","EJKUsy"
"edcjT","520-621-4774","FKgmclYo@outlook.com","162 LOjRxRPHX Dr","87984","Wisconsin","lgrEqpkO"
"ETOvj","724-376-7685","vRERODjD@gmail.com","772 fdtElUjSiyG Ave","67354","Nebraska","gpRDInkd"
"PMrXAIm","330-682-5749","PQviYyoG@example.com","204 WhzmAShrAQV Dr","25435","Montana","byvGj"
"yepsEwYIO","477-340-9859","HKYMAvqi@gmail.com","522 appgUUqV St","52731","Iowa","dadQcr"
"MUuDh","791-958-8222","Pesnmocq@gmail.com","667 zNvJFNHeSEeLtu Dr","49094","Alaska","jLhUETym"
"srzPh","789-532-3422","uNbAntuBgwT@yahoo.com","972 YkSrYeVmMIL Rd","50593","Alaska","vhLPy"
"mTNswwmj","675-995-1049","ayhBXtdHBOc@yahoo.com","104 VCePtFdbgNuGx Ave","46994","South Carolina","ppRroSU"
"aVNidES","886-445-352","morWzlfTTW@outlook.com","737 DywLVdDBVL Blvd","48234","South Carolina","kzAopdH"
"KtfKJQe","619-654-179","NbsiBjVmoR@yahoo.com","945 aBTVMbUvUwG Rd","50949","Wisconsin","KoTifm"
"CwChvMqm","713-641-3997","hICkCNeChh@outlook.com","494 gkEHAEMLDLxYU Rd","89531","Montana","SJaXu"
"jbCMXd","496-940-9528","XxTktwlPz@outlook.com","819 HFEPObkUPXwm Blvd","62356","Virginia","CypCi"
"bnLXxYYLM","624-373-3355","yVvFgTNBXH@outlook.com","402 aSKMzzAH Dr","35753","South Dakota","cHorAJeY"
"BJUBrLd","385-683-9189","UnODkkxAzCl@yahoo.com","253 JtYWHDNH St","29462","Vermont","WeGphp"
"igxAHGv","463-956-9956","uBiDppFJJJ@gmail.com","283 QKxHHiQNqdYM Rd","56293","Kentucky","jjenLB"
"afgBvlW","807-295-6922","EAWiygQmbb@example.com","750 YlKTdyREjTFOh Blvd","65760","Wyoming","AUqdJ"
"pHiEC","402-805-6124","QCokzrXy@outlook.com","646 PMNQzHiFJ Blvd","75586","Michigan","rlJSNaICD"
"QSJgACifY","639-317-8446","xysIltXxh@yahoo.com","808 almvqMrCIrw Ave","86511","Utah","rsVXvDF"
"YFHjhIrR","597-512-5856","LtWiOzMhQpd@example.com","101 ottCruCYshyQL St","59895","Massachusetts","ckvkYoQ"
"rGJghMQ","753-403-6165","zYGuGFyGAwA@outlook.com","532 hsivXNoQCPYo Rd","12345","Virginia","ODRjr"
"IajrmRjj","984-804-9567","NMgCluriMm@yahoo.com","787 JkNbXpUvNLhU Rd","88072","Arizona","FiPLDxSDd"
"rGmuo","716-912-161","rxMBBDJtQX@outlook.com","400 zerMxajzf Dr","29103","South Carolina","DmtqfWs"
"jnOmlzHq","295-641-5461","oFDcUJecoML@example.com","210 LbAmNSqmQ St","30911","Indiana","oiXKpd"
"TqDwXK","865-498-8776","ailTFCvDBXz@example.com","447 tgEosbAGKCnjQ Blvd","58629","Missouri","kQKNPG"
"MitQm","379-397-9626","sHvsKVysf@outlook.com","732 DhTLgqpqhHsGU Ave","86030","West Virginia","HgeNCB"
"vIvwpOsf","588-203-7426","mEGTEMvOMgI@gmail.com","219 hYuFcxBStPRB St","61758","New Jersey","wklVDhCbt"
"DDrzYGnoD","526-364-1713","WrwlqaqR@yahoo.com","427 TpUNJtla Blvd","74714","Indiana","LQnnGOKA"
"IaFTTalE","662-561-2628","opHlCfmjdxv@example.com","425 QriPcSMBXdCcAF Rd","71919","Massachusetts","QYeKRF"
"QFDLYOG","356-806-5008","WjFSTmwea@gmail.com","793 RhKQOggrkksUSk Ave","22093","Kansas","ciIiLaGaG"
"jMjdITMbj","925-236-6174","bOgeTmzschr@example.com","456 kOGYALADMzFOaj Ave","37403","Alaska","xalzx"
"iQfsdiweJ","368-917-6987","ivRxGXOz@outlook.com","821 rvCFGHBcH Ave","69900","Montana","IvsSEw"
"cFIVgCTjb","478-405-4370","mxCYhbfpJP@gmail.com","618 bqELLSRjT St","64618","Michigan","WRtMUKxOq"
"ntsDrdCFr","294-762-2659","MJglNfqE@yahoo.com","142 uneImzeTY Dr","33810","Washington","JOCPiTEYd"
"IBEIQnT","971-360-5384","thCNEaSTsn@yahoo.com","285 nDgPRIoMdpG Blvd","62197","Kentucky","gOKQKBh"
"sNheu","831-873-4267","MzgAPloX@outlook.com","631 OTvHEJvuUtEqI Blvd","28664","Alaska","LuYYqflN"
"bpwuUUPG","370-580-7916","kbxdVnnx@yahoo.com","418 ipDKoMLtLq Dr","78333","New York","cVXTsMh"
"oPIiGc","891-372-3620","PlnUuSmPJR@example.com","971 UIgdkbwAEP Rd","91768","Wyoming","IGfQGBo"
"xgXFgr","567-377-8208","uShSYgYB@example.com","267 rllydvoxlPcgNT Dr","23430","Utah","LnkDbOV"
"VYovzpl","263-463-8877","axtVVcPtMN@gmail.com","192 SXKTDgEwPrN Blvd","79488","New Hampshire","vmqIv"
"drhwQuxul","310-967-6467","ysFmSbHo@outlook.com","367 dfrMKkgCOhW Dr","86554","North Carolina","vwJbzD"
"MqshfNp","800-748-8054","BlRRCWrtjlO@yahoo.com","248 kMXxspkfRD Blvd","22671","Hawaii","xzHOVwRK"
"AfAwRm","487-369-9588","jDxnFfWJxhX@outlook.com","575 SraJCFcqfiGSO St","90977","Washington","WCHcSvXs"
"htIqfPnn","811-911-1146","dFYAnMlw@yahoo.com","602 TbCNsmlmLQ Dr","75749","South Carolina","TMFmjbv"
"RwtPNAcY","584-328-6453","fCEAlwdGMX@outlook.com","736 zsQFWMQBoki Ave","67512","Georgia","zbtsoAG"
"vkOWEJ","526-523-5563","RbEqMzBJ@gmail.com","869 WlqucfeCgiYaQd Ave","70283","Tennessee","cwCIlkJDz"
"tfIiyI","692-475-8905","hsFGBODj@yahoo.com","156 DBDeileDHhwkEG Ave","20816","Nebraska","KoKylfU"
"wLrFb","889-265-9239","BvrvBUwKL@yahoo.com","737 QxmMfECnbdHnhG Rd","63559","Michigan","JNskw"
"hnFVnfaX","618-542-8223","fGIitYIJr@outlook.com","515 rYvQkVIlvCXnP Dr","89052","Montana","RzSXenm"
"XxzdpfoP","448-895-4261","IwHCGYKNeR@example.com","882 RSNvijjk Blvd","83384","California","IBDjmRtQK"
"uIaGYsG","831-748-8912","pYjyrwFwbcr@gmail.com","383 NoruWnzyswJKrx Ave","69487","Montana","qXAQFhr"
"FqtIIMm","451-254-6988","wXVHODpsS@example.com","611 fuVsQkyVri St","78510","Maryland","vvkpTj"
"WXwcXL","817-618-1515","cdNvYFsPI@yahoo.com","868 bMFhcJMnLEBfb Rd","10595","South Carolina","YFWtXmK"
"MdbVmLRM","946-617-6727","mHfaAXBhzbg@gmail.com","476 PLppgorRwtUdnh Dr","60148","Washington","SxkVWyiU"
"CWKdz","545-943-9861","dzVriaRqg@yahoo.com","215 mmBOWRVXXHGGD Rd","22329","Hawaii","EzquGW"
"VMsMcJj","208-912-4823","NChEKFyjop@example.com","167 LnNJnUNRiq Ave","90718","Kentucky","mdKeoHOWW"
"QCeeoW","640-864-579","pVGxwfMWMYD@gmail.com","178 HCiGOdbRg St","88819","Maine","mFvJIePPN"
"PsHsv","780-513-2879","OLyAuftPd@example.com","413 lSpvsPxcYaTl Blvd","77727","Hawaii","JDkuR"
"QlwsI","993-563-5285","CHUABXlWtrW@example.com","865 JBohyzHhn Ave","85385","Mississippi","gmRDYk"
"sNRXx","796-289-2056","iHBiVmBVLYu@yahoo.com","291 YrIvlweeN Rd","30226","Arizona","EIzCtOxEM"
"CdvubitM","566-727-7754","oQiBTQDDBF@yahoo.com","868 mcGrixOPu Blvd","65996","Maine","LGgEBr"
"vOXTab","277-978-5494","jAnnVwSXrv@outlook.com","540 SvHvRqBrYJ St","81513","Pennsylvania","FUqBqfo"
"yWVcttNO","715-901-9724","DhJCzwySKR@gmail.com","823 YqxPCEFLLqFa Rd","78472","North Carolina","RzvTqTiv"
"nRqclFhSL","756-340-7347","NBYFkRMlWJN@yahoo.com","861 QMKzQmbuWHjio St","94099","Iowa","gFRWkQoJl"
"KmAXAEhg","607-487-3976","yWQXuuTWi@outlook.com","434 ItTRDJYqxY St","37517","Georgia","agcQTbxg"
"hWXeTSr","419-379-2946","dEoCLCIypW@example.com","777 pHsHjTHU Rd","77015","South Dakota","zidBY"
"QWoWIMlAP","527-912-7282","AfiQGSfvNm@outlook.com","945 PTaxPjTmRMEz Rd","65055","Colorado","XVpUBi"
"WNoMSzq","570-820-2196","dlyiJqur@outlook.com","247 fvHRVohihCEfgE Rd","42519","Delaware","OgsaOobl"
"rUKDtHWMx","818-456-5247","AFYnkbaE@example.com","573 ChEsSkzkq St","99175","Massachusetts","ANBIpCWOG"
"SNIvQww","345-411-8516","rujOwTwJaoQ@yahoo.com","881 PtAvrrtD Ave","16522","Illinois","lHFyC"
"HJBNxQMjo","273-469-4250","nTVjbvAs@yahoo.com","432 CicWVSvoNi Ave","74317","Ohio","dEnwAp"
"wwzMGEnUW","382-480-5828","fQqeocszjH@yahoo.com","357 wQRkjziXB Rd","68529","Florida","XBtEU"
"XAVEBW","907-966-8322","JsPvDMBza@outlook.com","184 XOfrpcQunrfT Ave","21575","Nebraska","NWQam"
"uSVKQ","701-978-2241","gxYSXtUCVW@gmail.com","403 TFllzxXsNg St","10555","Connecticut","dVzhClf"
"LbMwdCa","596-872-6653","pnlvqHVVFnz@outlook.com","576 MdDsivPoddhnk Rd","69377","Alabama","aquwkUhF"
"YKkhuWb","862-283-6966","mDtgqufuX@yahoo.com","975 PIOeFrcLQSi St","53565","Arizona","tBEciLRtg"
"pCGEKFAMJ","720-416-5985","BsVkGIIN@outlook.com","453 OXuUKQptQCoNw Rd","58607","Kentucky","jRtWpU"
"EjaYKYm","754-303-7864","VwgJSRll@example.com","101 TefgcwczjB Blvd","34298","New Jersey","jOaEq"
"PfmrmO","436-244-9001","xwzFEYAp@example.com","666 GLrXeaPqDlA Rd","71944","Iowa","lJAsru"
"aCpHC","867-709-8739","wVAoBnhD@outlook.com","595 kAujjTdrwMeltL Blvd","10817","Rhode Island","pqkKe"
"kNtlGm","269-949-6202","wNyINnYh@outlook.com","750 SeIJqeFLdYbf Dr","28449","Connecticut","OxUVvm"
"RASSwQ","864-290-4751","wSrnWktt@outlook.com","537 RjERirVh Dr","23291","Ohio","WSmhLwDmT"
"cGMjGhd","988-794-4509","YgJetTNGgBr@yahoo.com","528 HBotDVHA Dr","74611","Massachusetts","SyvegTyzH"
"ovuAg","888-623-964","nxOpOJzP@outlook.com","406 xFXCrcEFR Blvd","53037","Alaska","mpHmAej"
"XvXSCQxau","392-765-2239","wKJvmSLS@yahoo.com","388 dGYnIOESgwFb St","43206","Delaware","hlBEOGS"
"DfQfAqcC","375-340-4681","MUXRjfKXQRN@example.com","534 oAbibDdOrcsLD St","90155","Kentucky","MofFKcytL"
"svnDnvFPN","813-370-2530","ufvyWeKz@example.com","924 svjdomGDvv Blvd","79643","Arkansas","OXcVL"
"PmDKGvyUt","264-873-9546","iMRSflfxRgk@example.com","247 zsWpxpPuES Dr","78447","Kansas","KHWSuDcd"
"MXLqy","875-656-6773","DjpRpauTqUC@outlook.com","749 MnPYrnrFabTjg Blvd","24149","Delaware","KciaSCoIT"
"WHBVQC","551-294-1328","GTfStvXoIS@outlook.com","510 QwNDexBBOt Ave","59600","Maine","lpbYLvsW"
"gWpHsxEH","553-465-1116","TFbBiHOC@gmail.com","264 NaQFsPquYAgy Dr","68328","New Mexico","tWQhQ"
"jiKzXjeh","869-861-9456","zTdpqjSsGUp@outlook.com","956 KxhXmjrkvfl Dr","93327","South Carolina","mzAaSVx"
"YuehDUa","792-692-1057","JMtxCRXJC@yahoo.com","528 sGuzGxzLPHXSbi Dr","63612","Georgia","LkGdxtpSV"
"GgszPHT","710-923-2413","pVGtMYazFCE@yahoo.com","391 bucJCEVb St","36953","West Virginia","UMYGslad"
"PWlDys","310-214-2814","GGkJnyVJ@example.com","852 eOkyumrWb Rd","57844","Virginia","ycKML"
"DPpkRzJX","215-750-3160","NlTKDJrmji@yahoo.com","562 dgYYHPFa Blvd","51191","Iowa","zvVIJlxmO"
"BYcoHPMKp","907-716-7659","XPVBtqNTQWI@example.com","586 LUTjcmPgCk Blvd","88411","Virginia","XqBaX"
"NoITNfLTf","557-799-7327","VqXAmqQHo@outlook.com","968 nMonQYonrFWOGR St","69822","Ohio","oOzcrRAB"
"GzVaVd","276-561-5635","DejDjadEH@gmail.com","941 JeosRtItWdKYa Blvd","37352","Pennsylvania","GEhLvdIOi"
"dHAoTuV","856-553-9485","XKUuxjlNxqs@yahoo.com","514 XnbairmkcuHlX Blvd","89285","Arizona","ECSQJ"
"EyMzVpMXT","293-451-1305","SYHIGLODxc@gmail.com","789 vnQWlmpG Ave","80691","Virginia","BCWSH"
"qsxXlw","518-743-9607","fJPjetWlxw@outlook.com","168 NTlccEyMxDw Blvd","31916","Louisiana","ySuGpaAzL"
"DhqWqvg","986-501-8640","xHUhICpSpGU@yahoo.com","265 OXQVuqFE Blvd","26535","Montana","jLmiVoYc"
"iTjvpnjC","305-306-2223","JVREkYnbG@example.com","813 diKwfOwRVTKH St","50868","Wyoming","lnyAuefW"
"nzAVhiaoG","812-597-2211","xQpoiXdNbUf@outlook.com","899 MvxvXHdtmxlmT Ave","71252","Utah","cGIsqaOIY"
"wyjUSq","343-895-1657","KVmCqLmzm@gmail.com","649 egmNuCXiyJ Ave","12557","Mississippi","jyMgWCED"
"koSBVNYi","454-658-3365","EWmIkeYKb@example.com","964 ILPaDCLEPU Dr","53675","Pennsylvania","MXMQPczCS"
"uEXRTsOT","603-624-8592","nfIiFllemzF@outlook.com","814 RuDUWIFmnaid Dr","97508","New Mexico","qnfvVsrx"
"qYzFJHs","805-971-5588","KlLizHzC@gmail.com","347 fMzXJxvbPh Dr","71411","New Jersey","RiXhwQee"
"plxawiR","799-786-3532","vbkHTSJLWO@yahoo.com","565 FDVpmudebplyb St","47893","North Carolina","XwHDaM"
"mqsOLGaF","397-891-8519","IigGmXCmJd@yahoo.com","815 FPBeArPfpyLUyX St","65421","New Hampshire","EfhKxnbq"
"DzRBXBdM","467-737-7043","GAKfpzfnhjk@yahoo.com","606 gKOOMyMYBeH Ave","26505","West Virginia","AXmgGQHU"
"VnpDNw","724-852-5441","rShyrzOCz@gmail.com","384 petGOMkrxIUr Ave","38406","Florida","zMpSbeQGp"
"jHMjWxX","776-482-2101","tWBDAAShgg@yahoo.com","102 rOICunXmW Rd","81735","New Jersey","KvCyH"
"qLQYhh","455-735-1295","OrEzWsiQjxV@example.com","737 jWHSTmhGvkv Dr","57250","Minnesota","ydxUfW"
"NkRLnkuLu","315-266-7764","gPpvxgmM@gmail.com","295 iDRKEsxqwJcH St","37165","North Dakota","FdoDQEaG"
"VbKRpFkBV","288-738-7431","cnGDgEBqkDP@yahoo.com","125 HUEbzqoPb Dr","65028","Illinois","QiucGRVH"
"kwiiJ","709-772-8699","QIAlOHqkDCN@example.com","692 HAytWUQw Rd","28666","Illinois","DGbsXOhvc"
"qHUMYfh","360-299-5345","GbElkwdJYSd@outlook.com","269 CvOpbBBpi Ave","79983","Oklahoma","KxpEvnk"
"BouMs","645-725-6684","nBjUCauo@example.com","775 RAUXcOaQymlvD St","34263","Indiana","WxIcAcGA"
"fXfoBGuW","383-899-3558","bHtQSSjKkm@gmail.com","959 JXYtUDPJeqIr Dr","20880","Nebraska","hyhzk"
"BVsWjGyYO","952-625-2236","wxQgmJBSjAt@outlook.com","606 jxGdwjuPBSC Blvd","64336","New Jersey","oKUoEkw"
"pCQkPpT","829-734-9147","NSOTGGdB@gmail.com","447 qeUlaUrUyNaosW Blvd","98566","New Mexico","DkquhDi"
"vWwGGoJL","228-870-430","LhYjHAnQEaL@outlook.com","396 TtRpbCMajmDYVr St","82910","Montana","EgMVo"
"qmAfMqqWb","918-458-4052","EEGBWOkymnE@outlook.com","747 eFsSaniOpcw Blvd","52990","Wisconsin","HTyidCvrd"
"vQthWS","939-276-9865","QEaxmGSQOjR@outlook.com","720 ToIbPcaWMeefJF Ave","94226","Wisconsin","VeYwBs"
"tehKVWrs","427-894-5573","UvGucVYID@yahoo.com","720 zjjDwwOquyxRV Blvd","31991","Maryland","kwSvw"
"YEELsDrw","726-445-9151","mUQkrcCaQe@yahoo.com","929 csktSOHdbisA Blvd","53875","Missouri","tlxIQU"
"iynPVejUY","365-430-4028","eHCtoDqX@outlook.com","717 HhRsootuIv Blvd","71678","New Hampshire","nEQAu"
"eaVcLD","392-299-6759","ysxpNsTcytV@gmail.com","345 VRnsiGyWLMyPOj Dr","13758","Vermont","mRnbOb"
"wpAKdgw","581-622-4152","HhujTrUQJ@example.com","826 MSLepcIquOa Rd","33924","Colorado","aEDBS"
"dySwXfm","876-860-5879","eXyjBQQrJ@gmail.com","464 OSHFKwjyrspvLo Rd","60676","New Jersey","TKtXD"
"uYAWlnmS","236-583-5880","gHIOwHziubz@outlook.com","831 wDpiGStYyHEcGA St","32395","Louisiana","GltqHlsis"
"hyInkWdsT","766-864-1136","IYECTbxBdO@outlook.com","768 MUBnWGTxcMRg Blvd","35492","New York","SleUhv"
"jMDGvXO","538-315-2178","OSkBKpjw@outlook.com","196 WMNbwegP Blvd","73169","Mississippi","eImXfrhsm"
"sQxaQ","209-768-1625","qUCkDtVpo@gmail.com","139 QQstGettr Ave","81421","Pennsylvania","EswFXK"
"zPULEqTx","885-969-6462","RdNOmRhN@gmail.com","329 PReykmIYwEhn Ave","52383","Vermont","HzhjuEsF"
"FrNesbY","538-587-9151","WvlrEdebe@gmail.com","985 qHkRkzPSgQkQgA St","82863","Kansas","vIPKzbeD"
"DuEmjeu","562-849-1093","prUvqATPFNB@yahoo.com","603 ItBPCaiDhOlKdv Blvd","40458","Maine","kkhrOnAad"
"YUGrBlEr","962-666-7864","Mgmrgibou@example.com","247 RzPNinFR Rd","14183","Oklahoma","oQJCEzUjY"
"Axnkui","422-265-8231","hfzqthGQH@example.com","747 zPpxcyBkbVQLFS Ave","15440","Nebraska","TctNSQ"
"BYjUzyW","399-696-2085","fjYULEXKp@gmail.com","950 glazARhutsk Ave","52878","Oklahoma","UTAlJsLp"
"BEmHJa","625-606-6000","ajLuYUmxXp@outlook.com","925 YKAcGzbJaNRF Dr","89742","West Virginia","vHPhO"
"ePJhP","532-538-4259","TXIyJsSOH@outlook.com","754 IgpWowhDVr Rd","24907","Massachusetts","eKtNuTkhw"
"fQmYzNPjN","492-444-5654","RoFbhgrFSb@yahoo.com","730 unNUYteQu Blvd","75521","Illinois","dNIRI"
"hkbaF","651-694-8908","NPqOtGTb@gmail.com","595 uHcmNXjnYTKrQ Blvd","33348","New Hampshire","lgodvON"
"CfGQo","502-673-6233","HIFEUttis@outlook.com","700 iNxrAKpeQN Ave","19181","Ohio","UQToYJdn"
"gsVdlHe","234-698-4746","zWSLKmRz@gmail.com","522 ayHxdSeUzArR Ave","43651","Mississippi","cPdGNpP"
"BGyCKLX","998-700-7275","qsfmXJIVv@gmail.com","169 tyVyiXYmdnl Dr","49684","Hawaii","PazWxG"
"WaKRmcPMv","477-610-2424","wOvoypOM@example.com","976 swCMpsbFKt Dr","14799","Georgia","XqfXyvAEz"
"qfyDSfQ","690-214-5733","mwysuzaM@example.com","176 TSPstvjX St","91583","Alabama","NBIbI"
"uyIIg","264-307-75","ErnjHSsA@example.com","960 atjpCTebyh Ave","44958","Maine","OTPREQ"
"tDmiCU","224-288-8908","tbCgMKDhzQb@outlook.com","471 ARUVkbGLaNxWK Blvd","74480","Pennsylvania","OmCyHj"
"CcptTv","724-976-8670","qsBskLcFX@gmail.com","839 wFbImYYkKGUWDe St","66252","South Carolina","WsDMVdG"
"VzbVNiJu","923-591-4250","HiEMxUXiR@outlook.com","677 ASfALLxThESGw St","53715","Tennessee","KTfTAGvzn"
"JNRQWWFeG","528-653-5117","vMbEcbVDK@gmail.com","838 YGxBMGFGkWyT Ave","17604","Indiana","QsjEBzs"
"oTpgV","215-672-6268","jQlVesjPdV@yahoo.com","294 bEiUyzzJF Blvd","71219","Tennessee","rbuTnjwp"
"KNgUnoV","565-696-155","FIFxxjzRBBl@gmail.com","569 DkUvJGXsouLxBB Blvd","80921","Louisiana","VheBf"
"tpaXRmoKH","494-275-1347","JnrBemSht@yahoo.com","109 yegdXbwrNqNAn Rd","13977","Georgia","RdiOyyImo"
"GTrJCiUX","333-956-9493","nlysasJhao@outlook.com","542 bskYHXjM St","96419","Alabama","sQehB"
"CGWMR","292-222-8036","dMOGBbkl@yahoo.com","905 MwLKrtWrQYdk St","96621","Kansas","YgVQNVlb"
"bEsmBxAa","918-653-1969","pvAHNOnKY@outlook.com","764 UszhHIohNaJAhc Blvd","64608","Colorado","bHnWJ"
"miVrLIhu","411-617-6118","ToEIxugOw@gmail.com","995 gwqjvImvJJhWry Blvd","89963","Wisconsin","tHDeEL"
"sXPqQK","748-899-3960","GMrsoolGPEI@gmail.com","756 lkzebMouTkxGrI Ave","77627","Georgia","IEgGqo"
"ecwXqPYUc","221-400-8139","MMVCMiQnmYX@gmail.com","721 qyhIMRRyWIR St","49998","West Virginia","qBhKlPgaG"
"DWynFzbhB","757-398-1278","ESBPYllVF@yahoo.com","470 KUuWxQYFr Ave","58536","Vermont","dcDGkqbFY"
"EmdEvi","285-749-4726","AgPNrxvan@outlook.com","663 sGfmurKt Dr","51145","Oklahoma","jHzrGXsI"
"jVWfx","566-558-4710","YYEgYViRk@yahoo.com","206 QHOOdFLiPCcdpH St","49501","Arkansas","UAUjVDeW"
"FsDiuH","239-747-7383","vQURzjwT@example.com","379 epijDBBoDERimg Ave","11341","California","axqNO"
"WbASV","398-712-8055","cWxjtpFsS@outlook.com","877 TltGRdBE St","40624","Alaska","jsnqs"
"HyWAEP","732-576-1064","WdSBNYSp@example.com","801 MliYmfSqLR Ave","64059","Michigan","pjJhzQ"
"URKeGFca","478-619-716","AEzHllbaOWr@yahoo.com","905 lXuSqLhmzpON Ave","27953","Texas","etvCEOim"
"cmFtiNSRl","341-449-6960","tcraynbJ@outlook.com","486 dcRWcVccfRiP St","31224","Washington","OxiMIMw"
"qelnS","736-511-2745","MlTkVDaTx@yahoo.com","697 lBTOzRhfsUPw St","92357","Oregon","BmBScNIYe"
"MgRdSdQIm","760-241-6348","nenQdjNTbbD@example.com","876 tfaxUMsd Rd","24762","Iowa","NIzynVnRg"
"etXgc","580-391-5665","bsGTLhMabE@yahoo.com","436 xzxhyGPSceYq Ave","27894","Pennsylvania","ONMzQpVGS"
"moDsBmtA","873-386-5201","xJbtoUzDTBp@yahoo.com","720 wvYPCThW St","20042","Nebraska","eRgKvwXV"
"dLLlb","320-731-3084","IONPoCOtnSE@gmail.com","747 adgVRBXtOUnaS Dr","31436","Tennessee","jjuEJX"
"ltHyJ","834-257-5606","rYCCuKyr@gmail.com","627 wUcRfrszzsj Ave","27536","Maryland","jpmSPvz"
"IbgTo","618-492-4814","PzOpcPiopQO@yahoo.com","430 WwvJyDRaKXrAzt Ave","23573","Oklahoma","JKXRT"
"XQHaCWy","203-262-808","seJumTdgG@outlook.com","431 yJtCxKvz Ave","62812","Michigan","QanrrLPF"
"vHlmzYHfO","862-827-4673","CBHfkUquV@gmail.com","807 eCvXUNRdLsFA Rd","44830","North Dakota","QvdArzeVJ"
"Frlqd","658-833-2467","wkLsdtYz@yahoo.com","592 PbTHrfIfAvUoX Dr","73247","Massachusetts","wGLLbaoLi"
"BVohlH","583-845-8184","MkEetXzBl@gmail.com","636 FrAqhhieFUEgk Dr","13032","Missouri","sxftXAW"
"AxivgcG","319-306-1841","eeYioDbG@yahoo.com","785 qWtsjmRgp Rd","39848","Oregon","htakUp"
"dQKtWWCD","971-453-7165","uIBKAyIK@gmail.com","735 AQPqrtFCAeJ Rd","29996","Kentucky","upvHp"
"DzApnzz","339-681-8411","EIDNFFwsAv@yahoo.com","375 LFLQjTlxEBUpOj Dr","33574","New Mexico","UgPvfR"
"vNyBi","429-332-5638","rkPdMOAclEp@outlook.com","616 bFffoFEGYU St","21557","California","WxJlWlfEz"
"fAMxnIKNs","796-734-6687","XNvkpgCjrX@example.com","694 JReEPQtG Blvd","19678","Wyoming","LRGEl"
"XNQqayDv","827-680-8538","TLlLShwtHG@gmail.com","830 RDlskGrgjRkwwX Ave","30611","Massachusetts","zRlngzD"
"lNIeuEyg","808-799-8162","vElQwrKX@yahoo.com","450 goLfAeQUN St","36211","Kansas","OVtDiqBF"
"BusBzqgy","471-905-5100","wDlmMvAaGS@gmail.com","295 TyEcBemNURGWVc Ave","82967","Wyoming","lqyLaK"
"PkTxsE","757-230-4453","XTGEdARmML@example.com","274 RzWwvcgDXE St","23073","New Hampshire","jdteJ"
"hudJQ","826-947-5295","FhMPIHLunQ@yahoo.com","755 BJdupcwKLAGV Blvd","14146","Delaware","oHxHV"
"jrRBiIwd","837-661-8859","AQocNkWS@yahoo.com","263 KYRjxdRTLMq Ave","60607","California","AUUVR"
"CiEdyUmY","332-600-1262","AwmzmMhDlu@outlook.com","756 jayLGNulgi Rd","98793","California","LmOtJRpn"
"XFAcSI","282-744-6161","KHbQWRay@gmail.com","925 uBcKKYsaC Dr","25845","Kentucky","SxNWvKsUq"
"ByfmK","967-662-4417","xERBnYDfe@outlook.com","946 QqdMCkOb Ave","81179","Alaska","HNsaj"
"CzvobBw","833-690-5538","YpCqPwIqBV@outlook.com","737 wYgzkRojjHew Blvd","13908","Connecticut","mumLjYv"
"hJhXxQhL","833-914-1844","yLEIvDGY@outlook.com","309 hlKoxJynWw Dr","15673","Missouri","HMYyqaD"
"wkeAwBDC","525-268-5555","lLsLyGxJu@yahoo.com","543 ucIycvvsBChjE Rd","47996","Hawaii","cGOwRTidA"
"CnojD","769-608-7323","xUJFrwJj@outlook.com","696 dNMxVIqn Blvd","33795","Georgia","bjXvsSd"
"evAtr","475-740-7220","eXSOyyJWYK@gmail.com","754 gHgKFbmTD St","22835","West Virginia","gtuKYd"
"hIVuIoNRV","671-691-9603","xzxqkNytXK@gmail.com","309 vPXrPcyFn Ave","87764","Minnesota","zXYUIWxQ"
"qYVrl","471-272-5337","gzDnwHySy@yahoo.com","645 HVsWyzGdbjXQ Ave","55940","Mississippi","YMsqjKrEa"
"QBgnE","692-956-3601","VmeahROQ@outlook.com","467 SwCWCsnXA Rd","76291","Illinois","MrMoYqghg"
"TenQvO","427-724-8112","lsgpyHEeW@gmail.com","622 HricowKBTcUdIT Rd","71379","Colorado","xqKyAlc"
"tmandjS","487-463-4545","OzAiKzft@example.com","659 sRTvTaxA Dr","94683","Georgia","rRtfo"
"AoNkHpPHa","399-438-8321","szGaShRChS@outlook.com","443 wSWYAjoRVISJUl Blvd","99392","Arizona","cgrDQ"
"kxWauEsr","780-302-7290","OSisCEWUOe@yahoo.com","532 iHOMscCTUS Rd","75558","New York","fSakQMwG"
"znaTyUd","252-918-4165","EKiRUGDA@outlook.com","347 foXAWzNg Dr","95357","Illinois","EDIYAsLI"
"rjdvl","919-509-45","PBBKfeGXQh@gmail.com","730 QbDWxPRnWwVn Ave","80992","Mississippi","PBtDl"
"IahBT","594-969-8600","hojHKTmB@example.com","986 PPYKWVOubqgY Ave","23062","Connecticut","jfPXEk"
"IAyqfDRm","473-356-8768","xCcKhWwnqh@yahoo.com","826 CEhNTKVPWas Ave","49839","Idaho","APbIQ"
"zMVda","238-293-1811","uOLIWbjVC@outlook.com","915 mNBDmthlqyO Ave","69032","Tennessee","UfAuHlhpv"
"ljoLzBq","629-934-4766","XcnnSzrSktf@yahoo.com","929 byMwXyFgMTLyql Blvd","53437","Iowa","SNDIUMpce"
"qFLVYb","280-836-4411","CHFkEpWcaN@example.com","251 KVKWuhDdAkbY Blvd","51569","Rhode Island","RHbVR"
"SaCLrE","407-409-1147","rDvNHFjVLd@example.com","858 iUzIHHPf St","36070","Washington","FNmgsk"
"prksE","275-766-5706","qCLAJzScMpw@example.com","484 nxMeBVDRQSC Rd","46943","Montana","TaMmvm"
"gCXLpHEu","374-399-9017","JzJiaWItpX@gmail.com","105 ykfPSktlHJlOkN Blvd","10340","Arkansas","smrpJUwu"
"YGReBr","349-609-941","TyRQLrgWnk@gmail.com","811 qOYUELHtV St","48755","Virginia","JacxIu"
"qggxXnoY","379-798-4946","HVwpHQpGof@gmail.com","761 SGYiQPDNmkFmb St","82798","Kentucky","UtaUK"
"OgRHcNF","730-738-2594","dqDScaHwk@example.com","562 TpQzPfsTOu Rd","69122","Massachusetts","tUHJWr"
"jbLzc","813-323-8609","GTCgGIdMLF@example.com","404 MHAJkyCxHWDCYY St","44716","Alabama","IuyPR"
"UIPDPO","582-509-2787","zcihnUOp@yahoo.com","377 fNUIjhKcIGvjE St","71236","Oklahoma","MLzioe"
"zxhQQi","936-343-4258","mytbthxIsKP@example.com","796 UQCdmgfI Ave","26388","Rhode Island","jewkyJ"
"KsQhgci","239-759-2161","pwKjrpxk@outlook.com","491 BhrAatCRtAYtP Ave","38646","South Carolina","BjbGFD"
"FRjJcXzXd","917-437-6561","XHBwVpExQL@outlook.com","291 lqzKwxLMf Blvd","73930","Pennsylvania","jaRCgxiNz"
"IfYajv","949-746-7643","BbCkijap@outlook.com","614 BVsonadXFpBqC Dr","12503","Indiana","xUhEOptb"
"AcTrKEQ","718-774-1184","HHCrhggDa@outlook.com","519 EieaEAFIY St","12713","West Virginia","SDIBXXX"
"JjukEe","529-660-1191","zVPYTyMk@example.com","213 lOLKSdQjD Ave","26891","New Mexico","SzpeFi"
"ylemG","370-426-7824","kWzivAcFQn@outlook.com","568 HqfCFSkbB Rd","56251","Virginia","YtPYf"
"NGuFCDD","342-221-4278","kxVgLbqFW@example.com","884 eMmJYwXetk St","71190","Wisconsin","oBfRfbS"
"wzSQxCfVU","394-582-5824","fyweRVuTC@outlook.com","237 BkaQmNFO Blvd","94438","Delaware","SQgdGTpp"
"JYucC","548-623-9727","mnPxHCSam@outlook.com","296 JCkIlGuXhJfpT Ave","37559","Tennessee","lYxlgUQ"
"uHexuX","760-313-6540","PLYtAwpVgwn@example.com","581 XLpHNpHFhIqh Blvd","11253","Louisiana","tNmNf"
"pYcpkrTwA","910-599-4299","qRLuaUXFz@example.com","125 bbuJEHgmdsN Ave","96155","Michigan","qFToOukjk"
"LgAKMApX","404-470-7709","ihWRkqYBX@outlook.com","329 waiCryuepmjCnS Rd","71285","Michigan","JvtynVBy"
"hxINUP","626-949-7776","atTBJvXg@example.com","491 nnhnGPsNcUUkE St","90668","West Virginia","JhibnLIYd"
"xQeeyVbYR","864-687-3239","VuDIQxLG@yahoo.com","263 dquNtXzE St","93138","West Virginia","VsAxbvJ"
"fiJEkhoGO","611-619-1642","yyILCCDpz@gmail.com","383 lluwAMmdNGcK Blvd","78784","Alabama","twvRfiE"
"vntAC","577-491-8384","CdsrbKjASR@example.com","304 nuUuJDjmzom St","87427","South Dakota","wghzD"
"NKPfxjHpb","851-521-281","UUoaWLoyo@outlook.com","708 fWWaYnkdWbB St","26038","Wyoming","GPKFg"
"vqnOB","314-655-6737","YIQjCqFHFG@outlook.com","380 eRGfqHkUfhzeI St","92176","Vermont","nVwxhD"
"YkPnE","380-527-5782","gBedNxRYd@gmail.com","666 yvIJUsyUvND Dr","36799","Oregon","WxVYeXfK"
"FKCcpd","321-370-5819","CuSJyNaef@example.com","795 QkWTRsjxsPjUd St","19061","New Hampshire","KwdWO"
"trVplOy","518-752-5099","ECwrMBMr@yahoo.com","296 jGJPCspxlxhp Rd","42913","Indiana","ruXEvd"
"qjwhUnh","353-831-5948","XdhbRQPPl@example.com","773 WnxFUEOoBurHhE Rd","27682","Mississippi","NNUDNDt"
"NgxmUP","625-830-1986","YCPNmGfPdm@outlook.com","895 hLbECvdyzqoEe St","50928","Oregon","BcMjL"
"OBjCKTBW","888-514-8737","nTxSRJjK@example.com","813 WWIuBepGwp Rd","99386","Missouri","zRvyJPcjg"
"xdlCk","860-835-8517","sLGiifyk@gmail.com","209 ytvjpiScBnQX Rd","95174","Maryland","hEGmKnUT"
"uNfvNpdO","353-414-4770","fBCUYdjUKN@outlook.com","551 UfLkRzdBn Blvd","65594","California","kfKnpoBe"
"TzacCYRq","701-832-6387","WQNooEYdClj@example.com","879 ALaNNEhkxQO Blvd","48110","Washington","ymvECsMJ"
"zHkWMQx","448-961-2857","mmotitCF@outlook.com","296 DbIJWeNlMtOA Dr","71559","West Virginia","DXOYiM"
"fqtjHv","556-482-3592","EBMfjrPtO@outlook.com","435 YaxrazLmQwhel St","40816","Virginia","LBSgEew"
"qgdOvioA","456-326-2208","oisnkVOVwr@example.com","613 MIbkAXxP Rd","65198","Indiana","lzMtMx"
"brXNLfuMo","341-522-2628","dhGfNjPrFwK@yahoo.com","195 NjYwcwUCy Ave","15629","New Hampshire","RTYKbD"
"gHFYesrh","253-526-8185","MoxIGrck@yahoo.com","605 vMhtlcAuoYGp St","86373","Florida","uGnosb"
"GAbvi","492-638-5174","hYqdcbXJ@outlook.com","245 sBzflWLbG Dr","35668","Maryland","mKzPqvFiP"
"eSktbo","302-745-3739","pXUianCOL@outlook.com","839 EoBpOGOC Ave","90685","Ohio","rRtWJy"
"IGLAr","270-939-1914","MFkTMvSAbGk@gmail.com","682 ugPgDMDFanJ St","27450","Tennessee","nzYEmTaB"
"DTOlt","940-243-3842","IrJFkevSh@yahoo.com","609 HFvqycEUPULY Dr","81208","Delaware","mttjdRJe"
"rALHPw","517-295-5401","Lldfknftl@yahoo.com","507 NtwKRgdw St","71911","Wisconsin","PETGzC"
"efdnLNYep","885-439-8724","cerwAQAGi@yahoo.com","411 xXGUvrmDL Rd","15283","Maryland","omQhJgSG"
"KlVeNQz","201-573-7312","fPPiSuAzRe@example.com","716 wUCywEssvHlyPU Blvd","36694","Montana","IxLWvqpo"
"UEyOz","350-370-9351","NFtgNzkBfxs@outlook.com","549 CIermKIVKo Dr","66049","Utah","UgzSBJgI"
"xudbQw","406-584-3114","wsTTmUDuO@yahoo.com","735 UlJTkbFc Blvd","82740","Idaho","KJXbaqq"
"mqHVKYKiP","844-722-3695","xGHukMWk@example.com","281 SlgOUmvLbf St","85898","Wisconsin","EPHmB"
"MKDCQCbtD","645-887-5089","KdjqWaaUm@outlook.com","630 JLdrwynYna St","64493","Wisconsin","uIEPRhM"
"DXXpGNk","275-913-933","jxkIQmUeHHz@gmail.com","508 FflLNRAbxgbbN Ave","43785","Minnesota","RHDKp"
"xtmKXB","465-247-2571","EriTvXzXH@gmail.com","860 YQeGamBd St","29662","Indiana","cBvIurdL"
"eCFte","438-428-2968","zudSGJKptbH@outlook.com","832 LvkjVlET Dr","58494","New York","JlJDN"
"qiAnRfWC","651-376-3157","VeqlANknJ@example.com","162 ABPzVlXh Rd","13098","Kentucky","ykLbnpLq"
"Uycih","655-703-4601","RQlpkxIfsW@outlook.com","864 XBYcyMJKkCSsD St","67108","Connecticut","koiUkQh"
"IReRjYrw","925-405-352","fwyPwCzgJ@yahoo.com","258 SysqLkpIqk Blvd","40011","Florida","iUHQiLuo"
"SiObvjbGw","507-221-9172","ISlgNrgIshp@example.com","942 KxpcChlHebkS St","19746","Alabama","vrEoFQ"
"mNLfRE","690-395-6765","jMWcCqQtd@gmail.com","239 cLNPIrmweaHsC Rd","57673","South Carolina","BKQkTERO"
"IsfPVvI","372-531-6453","OvUessEtK@gmail.com","760 ztTFrpFAEs Dr","29401","South Dakota","qLDYc"
"PPnGjMM","977-286-4655","MYbYQLRM@outlook.com","671 cQVmwkKOlLwG Dr","93054","Rhode Island","SYPKp"
"AFXWjBRd","265-687-9949","CCcutzmvJDY@outlook.com","529 HahkeMYoYcCHw Dr","89926","Florida","CckhrBSXn"
"osjKqRIac","257-678-7065","uwNukjBVm@outlook.com","643 GpjQEFMfKG Ave","29613","Delaware","pnBszb"
"pObwrXL","958-523-1221","ROUUkCjtX@gmail.com","358 tkQSOWUeuwr Dr","83255","Georgia","qvhrWhJ"
"hRqDzN","317-676-4908","wUwFgGAFiD@example.com","738 AUlmirnUaVQ Rd","94310","Tennessee","mApCMce"
"mxdWVlijQ","673-951-2846","RGlxbyqF@example.com","544 ldYeianuY Blvd","52974","Kentucky","EDwYpYrv"
"mFQgeRE","915-696-6407","xHTYRogjfz@outlook.com","481 cnJzxQabM St","19918","New Mexico","gnwleGqnE"
"pKpOA","456-292-6121","PrwVylJk@outlook.com","536 kHrXtnWuPOyVJ Dr","11139","Missouri","fObcj"
"RVsGj","396-910-426","JRxqbCxSLE@outlook.com","185 EeNtySYaPDd Rd","91987","Hawaii","fWAGH"
"eOdFGSn","657-323-5528","TPtXOoqI@outlook.com","998 NubRNKwWwejYa St","93705","Arkansas","IGsjNc"
"WzMydEhHh","945-779-288","HbIhBhFyiK@example.com","620 DbPCQyUArpYTNQ Ave","65671","Illinois","BlasXs"
"ozXTXRv","456-969-3395","tKBpYEfLcUe@example.com","631 akNjoOQwERIYUB Rd","83618","Nebraska","XPaLAKPb"
"kjJswJMU","235-857-1437","OxvmCesEAIF@gmail.com","945 RgGDxjAddHkS Rd","19935","Florida","WbPQEjM"
"YSbops","602-911-4531","WbyKsLsYD@outlook.com","647 ujcpAccJW Rd","51896","Alaska","NYviLb"
"tFJBDMhJU","858-425-6152","eiWGkPzMg@gmail.com","889 EMRMTBAnR St","68655","South Carolina","ttvgjNi"
"fGeqXKOAN","723-928-9750","GVdQVSaDcf@yahoo.com","275 XXGhkUUepkpx Dr","51502","Oklahoma","zwvAdFCYS"
"MwdTj","877-336-2065","CATvOgtUOKp@example.com","962 FJBqkgVmcTU Rd","44261","Rhode Island","LCgkbkA"
"KXtXHndO","531-520-9306","rdULxgiLUsf@example.com","231 vOIjKSpTEhv Blvd","27535","Washington","xAxFJqc"
"aBecc","604-582-9431","cvTvrqksbt@gmail.com","311 rGnHYsjIqJOQF St","64734","Michigan","qhQErl"
"PsxIYprk","715-486-9447","XAydqwCdzB@gmail.com","275 CWzLqyaUg Blvd","61653","New Mexico","BtWhNxkk"
"VECDjQ","584-839-2680","cWQeRBYwkMW@outlook.com","442 yDWFzFKJQILA Dr","54803","Virginia","oeVMruWuI"
"iPxTIeicy","429-311-7250","DryoDXYY@yahoo.com","213 YAMLUiiWlxISWa Blvd","18397","Arizona","sMxaQia"
"skGTWoMCa","807-728-6445","NXbSImiUQby@example.com","235 WUBLDIDgsT St","42425","Vermont","FBKDfgS"
"BGAIx","695-560-662","xzopYfwLzh@yahoo.com","127 aAjoWEupfMXu Dr","23438","Oklahoma","FzMgz"
"ivdLVRzi","805-739-3258","fMMzyLQpw@gmail.com","713 pcNQOdHkAjdkb Dr","16304","Hawaii","chUndqavq"
"BrqbwuN","231-895-8704","XdeigsEFUoj@outlook.com","904 zkszeLhEES St","23132","Pennsylvania","TkMurW"
"nLvHbaLT","812-982-8002","llAKlaaxUwG@yahoo.com","506 msNhyvRDXse Dr","81208","Illinois","pOJRi"
"jjXbBN","916-689-3707","jyUuqCNlT@outlook.com","314 BRGinFbchdFLqU Blvd","90870","Ohio","XMfjyod"
"pyldPTQPB","668-502-4316","sdDuoksv@outlook.com","451 XOkqACNmukQ St","91486","North Dakota","CfhkPWl"
"gqGusn","992-577-253","wgtPkfRPp@gmail.com","750 irflrgvgVSsAmh Ave","87985","Missouri","fYBYjKy"
"zFqju","519-603-6568","nMKihJDG@yahoo.com","581 zgctrpPYDfO Dr","38423","Connecticut","uEiNwG"
"ceaOWmpBt","534-863-9035","cCJLOEAC@yahoo.com","671 EgFuxSyBlFKE Rd","97731","Louisiana","OdPtTA"
"jvmqACFs","776-595-9394","sILeTjUu@gmail.com","638 GreRhYmkKHKCS Blvd","94517","Vermont","PRidbQgIH"
"eDwMUt","211-814-5115","HoEqwuVPV@yahoo.com","870 nRAWcfqrQ Ave","67399","West Virginia","GpmgujTF"
"paXbYg","509-885-9541","JgzWxYfHYa@example.com","494 BsbLDRUQ Dr","87267","Missouri","hKFaRt"
"cMNUJGE","607-807-4712","ukSGBYxQDm@gmail.com","315 eBHurXidWUMEV Dr","39627","Georgia","EHVtNY"
"AECWqqXdW","538-581-4439","KmcfCcosiCR@yahoo.com","422 wDBcIpvK Rd","54982","Florida","yNbRy"
"zBzjM","384-529-7373","aIouorRAhU@yahoo.com","826 wRLVRMHgmLa Rd","87715","Hawaii","pRkzgS"
"GovgzOOcY","524-931-4287","BOXKNgGimJD@yahoo.com","853 wbTWeqAKiqiag Ave","43203","Oregon","HuNwzN"
"bCPTh","725-444-6337","NOIczahb@example.com","917 kxRfhTHa Ave","31113","New Mexico","HOttf"
"GPmoYHHS","214-434-741","BAbuQwSsW@yahoo.com","595 lSgSpvizfaN Ave","47033","Vermont","XtLzT"
"DPCpjzuWY","751-325-6208","lnxmDstlsGP@example.com","681 UNTTIgFWBYxV Ave","91610","South Dakota","oNAGo"
"GbAAv","840-330-1294","aBLaAwHuXT@example.com","881 fWuJBJQlVlOEwc Rd","40600","California","xNtdUQUce"
"hCjEAT","384-519-9546","WxYSIiNQ@example.com","861 rpCTApJWOLxG Ave","49120","New Hampshire","ydtjUaiDW"
"pOrWELn","411-302-4165","mIKyoPYiv@gmail.com","928 mxpCJqkIORH Dr","73667","South Dakota","ddYNly"
"VBLcUCIeN","878-209-369","fmHzxHtiYSq@example.com","997 IxCGzKCpBrHCR St","29710","Colorado","aryeOcpcI"
"hzKGQvThs","650-677-7971","NzJcjCTv@example.com","839 WeTVYPCVoka Rd","48268","Georgia","xYHyqY"
"JqmRCbFmr","857-971-8650","CAExTKnceeA@example.com","258 dJbiKlneR Dr","40139","Washington","smCVdSBe"
"gefwClG","225-990-6677","VqnHGvUHJ@yahoo.com","348 svKGgqGHK Dr","64262","Nebraska","Vuatwb"
"slUyArb","744-781-8554","BTdjuMnj@outlook.com","674 wXwvGVcq Ave","19939","Montana","FiGQttyGy"
"lWNJfmsUt","757-947-3498","IKwtQBvu@example.com","523 MJtuYPIRLKc Ave","17657","Nevada","KVDKe"
"QHtnFfcFA","630-687-9583","MRNSWHWUJ@gmail.com","519 vKhvFPjKt Rd","49944","Washington","gvMmTRyid"
"JFxFprIQa","431-678-9225","xSEozoNXjYc@example.com","138 uPwfxTbxJKt Rd","68088","Georgia","sxAeiu"
"MtPBb","664-800-3020","SxLuATcAuI@gmail.com","992 NbmKWFON Dr","37931","Colorado","QGPgXAwV"
"ttxyCjlmN","387-402-5071","hQCdsppmn@yahoo.com","874 OljmxdjlCEJVwW Dr","36388","New Hampshire","DxbqKmgkm"
"afSXwA","462-948-5662","mlXccxuec@example.com","261 hhcMMzOIXjVn Ave","60363","Utah","PKtuST"
"JAjLyD","875-334-5670","CMLJqafjslO@gmail.com","368 BGuPBEWhaRWV Rd","20169","New Mexico","juCeS"
"WfmVYgTC","412-926-2995","qQHcmEYriz@example.com","349 QULpBiUapQBa Rd","89620","Alabama","xQDpgfgzs"
"YKGwAuB","847-262-4941","drydccaE@outlook.com","697 vULQjrnVN Blvd","53234","Maryland","ARebtO"
"JymNQ","282-528-660","FtUrNhNhcW@outlook.com","335 QjqrYmFwiB Dr","18987","Alabama","fNluf"
"PoTYu","576-746-2105","twJgJlDfPx@yahoo.com","445 pHffATQAC Blvd","65456","Colorado","gnBXRvGw"
"TlGGGSdVS","572-484-5335","sXxffzLCW@gmail.com","950 ypTOtCaRB Rd","44161","Hawaii","IEKqjuXhl"
"MSGJpL","415-684-7311","sXwiIHtiO@outlook.com","525 rjJRTBYfyCus Rd","40777","Maine","OclNUK"
"bbfIIpRJ","521-726-7483","pFstOhikr@gmail.com","452 cvvnnmIa Ave","34034","Rhode Island","rbpcdD"
"PdhntiYd","703-537-9710","cWeaXEYb@example.com","514 yWkjXnLEBiJlF Ave","10630","Wyoming","oLGRxObA"
"KVTjvmQWr","735-930-7534","rAbQwgdcK@outlook.com","170 vUdiDpTLXM Rd","91154","Kansas","sHihsN"
"GihJbw","291-235-737","WlRjvYERsEk@yahoo.com","524 lfXkwqbx Blvd","62331","Ohio","TzOcpQcv"
